depth,planned_depth,dive_time,planned_dive_time,heart_rate,ascent_rate,gas_remaining,decompression_status,risk_level
14.873671990078508,18.582630968945764,82.35593281144591,42.0914706754207,69.92769532578387,2.8811397270239505,50.12403457242662,NORMAL,LOW
46.480118186018295,17.70348047972455,42.767015129341836,34.24539139769792,129.5462103005209,12.707033535870375,37.66875820495107,NORMAL,HIGH
21.80198834345412,12.869822833385673,17.722018855037817,60.38448081103447,129.8477555280379,12.367224507337099,51.17653552425235,NORMAL,MEDIUM
55.54055770871481,27.367618067684944,11.752850243957338,92.81838589586629,85.62864638149323,0.40354419690180054,80.37742120755652,NORMAL,LOW
5.821195476513879,27.579568043372753,37.40347620493543,42.84241446912294,129.6980425280567,4.62865358586385,61.46323881798082,NORMAL,LOW
8.129282100853993,36.41701801018979,62.403604573773244,72.20682200525422,116.86840275971436,4.273856110219437,53.169045896273886,WARNING,MEDIUM
48.42306737984228,36.33036288726671,78.33307326788457,94.42176485036012,101.62778787162884,12.913380679599896,74.39493707046884,NORMAL,MEDIUM
43.72906927515924,15.728810982132977,66.69805949328216,57.006044948485794,83.60220742234208,5.395693685019505,28.112840318985306,NORMAL,MEDIUM
55.28664960020986,17.622760236243558,119.12000613935004,97.18961623669503,105.74577679818084,14.606645594520243,98.86167136485105,NORMAL,HIGH
34.046936056150116,36.30516184161311,54.62722281386697,94.72712570886445,104.5514342748667,9.278472464643409,54.19661548541554,NORMAL,MEDIUM
52.254617453735065,48.23313850283927,26.329015931962317,93.07797019367808,122.95351721576672,2.997211668309773,94.27699748201829,NORMAL,MEDIUM
37.247996808324274,18.78335351145528,57.408473005704906,73.9957646130261,75.64443209863275,1.082583611697563,90.47652275441926,NORMAL,LOW
55.90961952997869,10.708956606061255,48.41733715794302,70.3813036356145,93.32084889948194,2.6248879032465826,12.4075344708483,NORMAL,MEDIUM
56.10809781075924,30.664744051440813,114.28752807922773,33.279032933361606,128.62557411154768,0.16871757388844055,60.86551252264072,NORMAL,MEDIUM
55.65387368101131,27.294760777823438,106.50108310490644,52.66887493597662,115.19027575700146,11.449545586879545,86.63252129986127,NORMAL,HIGH
15.7125185023865,39.65386737101639,76.76399433719088,55.90225856531032,103.28337265088145,7.228787743983024,32.92777215825281,WARNING,MEDIUM
12.583828121033516,14.730735196935774,91.25966351950736,80.20036221569598,86.30386327725444,7.684335680311051,80.8160294669353,WARNING,MEDIUM
24.883723529371366,25.17093409681392,118.41785791841917,44.468524236388696,123.94158913106916,4.969276647922155,83.71888146210003,NORMAL,MEDIUM
14.925910360689212,49.687373705787294,25.300360829731524,75.44205857352281,80.49779652666726,9.242337665784232,84.9106502532148,NORMAL,LOW
30.483395046219506,19.278338777131843,16.315379866652453,53.297442454041814,74.71876804680447,0.6909607908461518,96.54927888176243,WARNING,MEDIUM
16.46057936880088,24.950981584308348,71.63716116698916,37.52287859063239,88.43020169256445,11.074575271538261,73.89095178594015,WARNING,HIGH
28.192585987645874,44.98126832247234,61.68698694645963,76.69810171320083,70.87803820253244,11.905551904414589,42.11563047483785,NORMAL,LOW
26.03799857055275,31.2362360604212,97.83904620192871,68.224137845744,81.27168783068251,6.013810018563423,30.530625118167325,NORMAL,LOW
18.60068174423798,49.898020281964634,90.85508633312838,60.21964395909233,124.50595404335175,10.754989031359552,89.39422157069035,NORMAL,MEDIUM
42.224194326173816,26.931389160189024,69.96632854505478,56.78157502931853,86.04743367926956,7.594615623139684,17.730201638682033,NORMAL,MEDIUM
18.389424859683828,23.847455414340025,116.41825749145801,67.12217729215283,115.55864860706288,6.409373529108862,71.92265154285059,NORMAL,MEDIUM
6.392240677208353,19.8846146008319,39.689860551593256,99.58549721258355,101.28884472322743,1.6908058593935045,98.37368275116995,NORMAL,LOW
51.291897465265514,42.618700996822135,14.071642106692154,26.036048028090953,108.49208658607117,5.853813917651246,73.26992675244199,WARNING,MEDIUM
45.398180036619124,26.773732895805257,91.50218873039849,34.121706037317054,80.40382344558977,11.123865519869195,17.57924488572527,NORMAL,HIGH
41.258403144572775,46.271913007987294,31.905399420716726,62.15129726723784,78.00376613351521,6.51075619803653,65.76703210158077,WARNING,LOW
28.88395117825867,42.2616721385993,22.744151632500124,99.42500011159949,85.83832045941004,9.078681147480836,12.838914148033338,NORMAL,MEDIUM
19.865566250759123,45.852513720016326,24.49231239633469,43.119697533646395,84.95157154636878,8.894157517371994,72.72900676217748,WARNING,LOW
11.743145069023141,10.801195111131868,107.24463481686058,84.13006520230753,87.5035423093322,1.709028632763775,81.11551443464802,NORMAL,MEDIUM
8.014372467216091,24.203351878740218,61.335514531016344,39.4676596183892,80.51428441049048,8.299915672794146,21.42365677938773,NORMAL,MEDIUM
19.884773646562525,48.040541306305585,29.05146694211688,41.318533853635245,120.6199170902133,12.31514386599915,63.56099611006328,WARNING,MEDIUM
39.59268311337854,40.14544783003812,40.50519602371854,99.74401069581856,97.50103552504804,11.481701443659205,72.53307596251716,NORMAL,LOW
10.902932798009136,49.21312746626572,88.8994284634038,65.31989149962979,66.12233167442976,4.28488981136264,83.55770172980168,NORMAL,LOW
59.22412690530952,28.012130174070066,75.42683061774635,95.56559601251625,126.612527486021,6.687318881046676,53.406521458257174,NORMAL,MEDIUM
59.51451808125625,49.193524567899026,72.34327035053072,99.73110790212597,94.40541389927883,0.4949939379258378,19.460764901222365,NORMAL,MEDIUM
24.23412196083531,17.39436232672041,35.934823020220094,76.64014946657855,89.97585641355855,3.9585610869342114,20.076797785688633,NORMAL,MEDIUM
53.16747416498914,26.650848285211115,50.22519516237482,23.270788142256393,69.45435315928657,11.91806673404582,91.01165254457192,WARNING,CRITICAL
34.77793180291404,37.37458188404398,101.25285529592789,83.31821932201684,67.84338052413142,9.936155061468941,18.55442027678296,NORMAL,MEDIUM
9.587401960493331,31.776923221105328,27.391903618531554,22.313589569717436,95.73726027787166,6.5284386965565755,38.254658656155456,WARNING,MEDIUM
21.144746671477556,43.701736123568075,104.18917978742621,70.38466785283666,110.21054558216508,12.43632674313308,34.59771520428943,NORMAL,MEDIUM
41.65237553986679,44.02492575682161,90.45201532646125,82.36242822392498,71.94794714043601,4.57106746572372,37.34333787643708,NORMAL,LOW
52.58286795084412,31.63888442453841,42.7124377898981,40.67460018776145,113.70210585808658,0.6059548583150415,54.62836582232876,NORMAL,MEDIUM
24.522972604087304,48.269046718428534,10.015537062088987,20.67757250009653,96.06590384763746,8.21881528137535,38.918562417307776,NORMAL,LOW
6.106418678148392,14.547977610563837,110.59737799227308,53.3717832338973,96.3480305860652,3.2316716568325936,55.240929200529,WARNING,MEDIUM
10.403552308793723,15.234592108935772,111.69114416350715,41.888915354306846,104.52246659145416,3.4652238158594875,12.47974370069645,NORMAL,MEDIUM
36.02911842607271,43.848056306176105,68.17782581871921,28.069830543679004,72.97672770920474,1.1663858170139019,60.7317155790583,WARNING,MEDIUM
48.018278957490345,32.43171430669859,36.72642743039141,62.19864292966476,117.82441155563929,12.334318150422396,98.68664460487122,NORMAL,MEDIUM
11.405584326492054,48.553234480144965,34.5124855426095,21.255782295886156,65.18761001130605,14.657937486658591,48.97564828900324,NORMAL,MEDIUM
13.718062669787702,22.01301139564109,86.96653672187558,91.17237392125998,65.45621953734899,7.358369741527097,38.70826610728733,NORMAL,LOW
5.872889410911429,42.68532161998171,45.752970296658056,73.66610655680202,112.47169015199623,5.28190982225917,82.03700472872163,NORMAL,LOW
10.9339118908652,28.965491435904866,72.31648365933705,45.926350343362216,103.77080500891262,1.6289803544353672,78.824566748588,WARNING,MEDIUM
53.61753933347993,17.762458170563875,44.284163255003996,89.53760379753554,110.9574392460996,13.940030634621294,79.63809091454344,NORMAL,MEDIUM
57.89040846393555,30.979454708938565,115.1702442679531,97.72108145499027,66.58519700732161,11.0292135504746,64.86558756909798,NORMAL,HIGH
55.273068792783334,37.08512655256798,100.57861074246956,35.74211445603901,82.33057160677336,1.712972802760682,51.35178521162929,NORMAL,MEDIUM
55.80559770793514,47.35277241186338,20.763826371420116,36.40411162333737,102.68519113445916,8.952838247799972,13.515619892278604,NORMAL,MEDIUM
57.42220466215317,41.39938476327896,118.54963045457484,38.06749562036022,90.26685528134148,9.534282017121816,75.57781969654626,NORMAL,HIGH
53.99361349032802,38.241960758463584,119.85970124945425,81.96585355641805,124.90168707488553,12.171568973594367,60.93078880597286,WARNING,CRITICAL
12.216767633669974,29.624930715953816,85.66847997465776,72.31798775072177,76.59970207476255,3.1791341054031053,95.39058929760047,NORMAL,LOW
29.775965500893104,36.540481958763806,54.066568794988136,33.20504782559162,91.82669789537287,5.246545449906915,78.02665089129484,WARNING,MEDIUM
20.84567614332638,23.890448933333943,21.5156780973702,41.859760640743715,62.475484781688266,12.107383212088251,45.401404410744945,NORMAL,LOW
56.62085287151831,35.017375658722564,53.288291280883115,27.47431205733396,84.92186145663628,14.857925897122579,92.37263984165983,WARNING,CRITICAL
21.762328407051214,16.97910091713071,48.33809101023505,78.25377817363108,109.37567215554145,1.6129117389642271,42.62005124170102,NORMAL,MEDIUM
35.35266550209749,49.63090631228832,13.985998481643954,40.88132340289461,96.19924562332457,2.4003896454206073,13.055838801631854,NORMAL,LOW
53.67472004883175,33.591762345311146,35.17181696518765,64.79511619590059,78.79179653216727,8.097158388512382,60.41644543461831,WARNING,MEDIUM
51.93108983476438,28.877881455225463,101.99699326031727,34.7117485062988,127.23988000952852,6.818293205421764,95.211230081882,NORMAL,MEDIUM
14.590917144417332,17.670198048872475,103.56102887629285,64.64906216707045,60.39552528256108,6.70453499192659,72.10125147580882,NORMAL,LOW
23.673438385174133,32.38511081762009,42.66707978187816,71.36547263001343,78.15376873134814,12.991680929541241,93.81707757674123,WARNING,MEDIUM
6.5852833599587335,48.16801565392579,106.3553952175246,84.53911951060789,128.56196938424193,13.436400343043623,60.76235808909618,NORMAL,MEDIUM
31.75042982926131,28.526328196576433,66.2158201737511,79.49948684020998,91.12632672520388,0.5217017478238944,37.935517358381105,NORMAL,LOW
28.445254837281105,31.897803091883862,76.84020368276606,23.31238192686144,83.97038971266348,12.525295759187689,29.460418510302173,NORMAL,MEDIUM
13.800837551537814,14.278630858417248,77.75952617624965,93.11300674702397,77.24908145823998,4.65764769981514,36.07828412184825,NORMAL,LOW
49.61286611427418,27.019465606609764,115.19337012236082,48.270744448794794,126.78775479069515,8.873612225571716,84.79008581847236,NORMAL,MEDIUM
56.49531194078775,22.293772614358716,88.50810279735552,40.91366864422806,67.04458375038257,1.7595880057483282,36.28481317944771,NORMAL,MEDIUM
58.47050993535959,41.42538571503839,19.13247292440664,32.49491141641509,116.73918250373234,14.350609031381737,28.511711412810097,NORMAL,HIGH
24.74106903784224,47.71876310888084,26.388287842970232,82.3338093702358,86.72297541681233,12.780784168158291,65.86039196153425,WARNING,MEDIUM
44.7622880884875,26.92713880491223,24.682340548154354,43.796889996838104,62.84665907808678,5.707425232308093,80.94128859500387,NORMAL,LOW
8.134856835870849,47.219984946236536,73.86226811827007,26.276201326780424,89.84084719400838,4.1589547907223166,97.61652297467838,NORMAL,LOW
22.37910263728283,15.031199583931842,83.46104538861404,66.16169620059539,91.80975830815635,9.686259141667751,20.011687094680198,NORMAL,HIGH
9.912682987935053,37.13697262518726,38.76054603490667,60.881857753021585,86.8606846707992,2.189874309985209,50.57256212659091,NORMAL,LOW
21.134945289449206,17.94546822033501,102.52126295961631,92.26571579758206,89.7757356242799,5.766421656532698,70.60132318697873,WARNING,HIGH
47.95788292841864,24.63315693399483,72.5460272470104,68.48056743334304,65.23205350099322,6.222652234795609,95.49770674483727,WARNING,HIGH
22.521538561491504,47.468853696684604,105.36115865709488,27.202583655547237,108.00228879536718,10.961866708705026,24.508525358089262,NORMAL,HIGH
7.77901081561695,35.15478183830722,75.2565753375045,74.94175155922385,103.09076394740977,1.7833413360598755,41.85321027793847,WARNING,MEDIUM
46.034025130977,36.81192152549265,56.17010151155371,88.87913482585759,124.01029171004384,8.516716361593748,38.563720205208526,NORMAL,MEDIUM
11.562739951260117,34.94335137979944,55.67144885076899,32.26853969426142,89.45476291629225,12.281587842674698,70.78992091526676,NORMAL,MEDIUM
47.83388316873766,20.17517520987318,100.51523011098658,31.00690186215295,96.42250048110145,13.905093209361558,12.179319097144694,NORMAL,HIGH
45.27500274995938,25.596556954959894,37.78312815114608,45.72358025019958,126.0503621305151,3.644743637867216,64.78901628638397,NORMAL,MEDIUM
21.388486310558093,49.58674916735678,106.51895910977181,32.47889593196646,94.65357588243728,1.1451335105302833,48.1892591524643,NORMAL,LOW
11.788888783481307,34.5859352370914,103.88822968343749,68.74302801492726,86.34044025821628,2.1057117809836163,85.16631946748912,NORMAL,LOW
19.41280603811326,33.12154797403741,21.6248952604492,98.76308732087483,87.12292705033315,13.329427203496568,63.597657154108276,NORMAL,LOW
51.609986770446056,30.24416027070202,34.20559250904691,35.65558590374981,121.17487718457863,1.0618619103046412,10.186652200086007,NORMAL,MEDIUM
29.335597306866003,23.40892292367481,119.44848490226552,47.24395192664807,65.77599381207555,14.478814678793437,72.50990964703314,WARNING,CRITICAL
51.533492095075125,39.817135880394225,34.984688498027396,74.83163686625811,92.77310155438028,11.207317663963053,11.383448433439419,NORMAL,MEDIUM
20.435544964552548,42.097177340034506,66.71099676743725,45.38142617067275,81.38973142627441,4.6856345007818,23.601786760613244,NORMAL,MEDIUM
21.97295149060223,39.670666004634256,10.469674664518262,33.87434011801965,123.56392409851908,12.8041358708249,87.53323315282493,WARNING,MEDIUM
17.286798893554057,26.021810799200175,16.961934559503028,89.79956776773206,100.0207336128392,6.036500074420368,16.604888213062647,WARNING,MEDIUM
8.564971469092566,34.79777847815128,46.236594156020004,30.06467856333206,92.28601545783602,14.678017849201158,25.70367995282035,NORMAL,MEDIUM
41.33272433304577,41.68872955228197,41.32111836799862,70.97050586629149,87.06979273749806,5.820255907367937,10.038080746529072,NORMAL,LOW
38.16669382325968,32.161997880678015,51.7764918316207,34.50877527019444,125.62026136172385,13.099726258943976,67.19521915679913,WARNING,CRITICAL
27.51941844902326,34.70092930059146,115.78734487586125,69.03948831773292,65.67713645338449,7.084872206595854,83.08647606384926,WARNING,MEDIUM
10.388880045273849,25.856348836068427,26.476445506458237,29.532322283804533,81.85131113470872,2.3786790025256614,32.928986723703176,NORMAL,LOW
17.497620020115626,37.55606173997291,71.06152554544975,45.20850676772979,93.58355146744307,2.0163882870064036,47.557950319157634,WARNING,MEDIUM
27.498066637340123,13.397850740125282,69.09343935083254,90.37359270401778,65.16640727255104,2.0978389033273652,69.79505785749183,NORMAL,LOW
8.438536968631851,41.92400535432344,56.58779864533581,82.22167514024385,95.87570954911655,5.982160034068604,67.24588235674713,NORMAL,LOW
53.841295552363476,39.70883045712709,67.32690599016972,90.43416741034287,114.80056561545604,9.64270230767997,74.91511778734149,WARNING,HIGH
48.14485545641253,44.14019767157204,48.752241417920324,46.00193791426551,73.7051587732062,0.12691943755145207,80.94517789764258,WARNING,HIGH
49.95010304032339,46.493396548046384,118.01838967694225,53.5355371201232,117.01390945467166,12.71508523414965,68.01591672475776,NORMAL,HIGH
18.06699328673926,17.76487246311342,49.13494974787591,41.63773613335016,97.2431640538222,2.8279145775958265,87.37452767464404,NORMAL,MEDIUM
57.50591457971404,19.82336398630286,62.138446302066576,73.64016357548749,79.37738022041452,2.3896036689279936,77.54769754775047,WARNING,MEDIUM
26.419465623580823,45.420727560521456,116.34873948665398,62.65265667348571,93.57320538971356,4.245528812833777,38.01348815420656,NORMAL,LOW
50.927400588325085,47.882522602391965,58.988911027401464,47.575852371050054,97.99818213263839,2.907527563716417,83.14028231548986,NORMAL,MEDIUM
40.315044241713665,17.780863566014368,54.820847254078735,29.37610673327539,128.73454053506015,12.207842960535181,30.032271714264738,WARNING,CRITICAL
34.98522409794103,12.850334796917027,46.04491653255377,35.260684405795715,87.7584136453366,11.977425437284124,65.36835660816689,WARNING,CRITICAL
36.620006177621406,22.10594005740219,43.21800881865996,36.578596590376016,82.96191798434188,1.3755208069004043,23.033163937661556,WARNING,HIGH
31.172100350326716,47.370504390028906,86.44849570591737,53.51029431772557,117.41742309503178,7.72121025846652,21.8017155320277,NORMAL,MEDIUM
21.523871615777104,47.65055529216936,89.32395893572952,42.27554401528005,118.0614267811037,12.324764831218243,35.51674441375976,NORMAL,MEDIUM
26.214347843006546,45.29469190741538,79.90676703277401,97.74005199336939,127.04978916049429,0.5865300818856312,30.527184197548838,WARNING,MEDIUM
47.853398392249865,32.5673485395514,57.224303079366365,21.26740123308103,91.1994765110708,14.62653456603276,35.56413848872873,NORMAL,HIGH
51.01811422125119,37.69047660535652,24.975697427495444,27.01965735676314,98.04188114443892,6.988186064475102,14.77000904844277,WARNING,MEDIUM
21.03257571115414,13.227944241791008,97.92216913103572,76.45363942681624,86.26615860845547,6.432755398006684,19.827295676673188,NORMAL,MEDIUM
46.84814075400301,31.573086053791325,33.00573618981191,31.055743506301077,61.434687797603246,12.118566375216167,78.55104206265644,NORMAL,HIGH
34.89758559365495,16.573656442605134,68.97485025945653,29.61887410144569,68.83552396950915,7.837195752831546,70.30706657522047,NORMAL,MEDIUM
43.478338982593236,18.553765197196523,26.49644690980726,89.88576341796987,92.56099199529336,6.175690585200211,77.63265164174216,WARNING,MEDIUM
7.091666071498951,21.63953247240634,103.4513936399685,96.97047753654618,71.4160080436391,5.4585716685056305,25.346424933892727,WARNING,MEDIUM
18.267704751561542,36.308417599556016,28.108385261493638,29.158593134459014,67.1283968527818,5.261427550102807,64.57601044252695,WARNING,LOW
27.719146401419497,22.729466094356198,44.06427320877578,36.776515106319934,123.90783991336059,12.904894183953159,38.09264357180102,NORMAL,HIGH
16.135770821441852,49.46789689318584,86.241271290559,34.35070532046907,71.36491904979394,4.888677502641591,75.721933517187,NORMAL,LOW
51.870374568472265,29.424913129273875,116.13572530397586,91.38569960391237,85.60896722276124,4.026368918681518,86.76935210688194,NORMAL,MEDIUM
58.40028570149681,13.531355535557847,81.26748551783638,50.67666204753799,70.56995744542182,11.429686351463259,63.18575386183081,NORMAL,HIGH
16.387867483443912,13.667603874822078,108.31812345635664,66.80005489376401,113.9215438858318,5.897720393063664,25.809015642590115,NORMAL,HIGH
7.678052739353938,48.835816481725345,92.91474934364287,63.55225817402865,116.3654363433075,4.240509407857692,71.62289799670016,WARNING,MEDIUM
10.782411200342985,23.994810763178705,107.57475424084816,48.76418672711043,85.05967242308965,1.482663816510192,64.00156120150879,NORMAL,LOW
56.482958974158855,18.995104507990742,46.23396036436893,93.04946147799332,125.00848520095845,10.230494213310187,23.525605279026596,NORMAL,HIGH
42.14501213382081,27.164196503356614,97.3405538844432,34.38815109569991,91.41657471926209,7.113172653752093,56.39946218339408,NORMAL,MEDIUM
38.75783910383251,11.079481398531911,113.54825646498726,88.4300734342733,93.82858861333565,1.2388980004037808,57.08796591219361,NORMAL,MEDIUM
5.04811310737262,32.350736568791945,80.53508647670158,77.72010687958786,80.39633934739027,2.112523359394804,12.485764379688668,NORMAL,MEDIUM
22.353763423322622,36.59319388349411,19.750705844975002,68.48322010830208,89.33890221610497,11.81418037169065,88.14723117085707,NORMAL,LOW
12.422257056359916,11.005135054425516,64.95487735148377,70.73841888042708,65.33231321193969,11.534481148295928,79.36466867250441,NORMAL,MEDIUM
6.843716466783469,48.10991280248261,43.359738637325364,96.3758844129654,124.8194691020723,6.332962012964683,95.40096352352619,NORMAL,LOW
35.45568240373316,47.51460725058057,29.706780405530907,84.91848312107375,88.3377894137347,1.3688515280254077,50.339015904535756,WARNING,LOW
17.57202633235098,10.117326972876274,103.185316210793,93.03172774564361,106.14186505753202,6.786185459505772,94.0182592153574,NORMAL,MEDIUM
14.433544807885761,16.938248945014855,13.979098967308477,50.30357460205088,83.67693323044432,14.136387455876775,94.08401573251925,NORMAL,LOW
39.69257574595467,21.936655363248047,13.76327487072887,82.71714331231895,93.1704922741536,6.052895733130738,46.0853173001365,NORMAL,LOW
22.516707870900113,23.75962153534355,62.903575531617086,46.56582563670223,113.4762061922012,9.330551777777641,89.42868745947031,NORMAL,MEDIUM
36.09892209129094,36.36607925523379,115.63384605803792,95.68683415069432,115.62338782754375,2.761346979210608,13.220528120870188,NORMAL,MEDIUM
13.581820889653388,25.308230600374124,31.145068648810767,63.7059123849457,62.7370528537254,3.186820280450706,12.72970905208337,NORMAL,LOW
56.73118787766928,36.579912534871966,15.083409605568038,59.91419140797544,89.2915734661529,9.63258515801593,96.1168141557066,WARNING,HIGH
51.17619230024018,11.55657674599932,57.46271947957755,95.95612266012489,122.27306710374447,3.5438674683837728,37.29910221768727,NORMAL,MEDIUM
55.280401270766035,14.797303465652249,119.69504088035386,63.57117561361398,88.66115395713496,11.723448648859844,58.6988899717211,NORMAL,HIGH
13.28129360323452,10.613893999834492,62.88032096746558,71.47700485043215,65.33342908951774,7.724303685025357,38.30933734081321,NORMAL,LOW
14.77423970344204,35.24025940532119,19.99802166726914,76.28219424812184,104.91485854707958,11.134463473309488,10.656676206054613,NORMAL,MEDIUM
10.077584711208138,10.230952689897741,113.024499687782,57.74257560611281,82.86333535625444,5.671107754493399,87.54091127370685,NORMAL,LOW
24.808605387671328,12.427321724221517,50.65229864447623,53.83752361529022,125.49605668210391,14.578301138733119,66.63715234722021,NORMAL,MEDIUM
55.65617188363712,37.28495440595157,42.35482270628813,41.28929110134311,128.9793089531306,5.448034089985042,69.93016987743374,WARNING,HIGH
49.50700177470716,35.772578279233656,37.529753362010126,77.7056441398233,128.14833032526622,0.41645392936021597,23.945635661927753,NORMAL,MEDIUM
25.671203438771233,34.053054452846276,74.85445255555494,45.008331233238835,72.84234761891254,3.911372866316956,64.23219770707988,NORMAL,LOW
30.37002294403049,45.34525051606406,94.05773908837384,45.82676238521717,79.75560633680455,11.88920831973498,55.22564326366313,NORMAL,MEDIUM
31.009722760847065,38.241840954249156,91.76107752021207,23.26352414471132,110.00916192643516,2.3546781460000905,94.76331408044155,NORMAL,MEDIUM
58.61985051842253,10.920055687983346,66.78747632188727,57.17292343732238,92.27628702453744,11.1018447509182,42.02646814935292,NORMAL,HIGH
30.584191136635962,25.036779393824613,115.9056405196838,61.32935924790007,97.12733363394213,10.728489524984134,44.30100527479318,NORMAL,HIGH
5.0340440622247,26.97624870879735,68.14116204186726,53.1204431690184,86.73337043767717,2.334001441069926,25.821288601340648,NORMAL,MEDIUM
41.852429356358115,38.70098643917203,55.76705449108106,98.91227139431184,104.18412662817869,5.98235677939752,96.29599369913996,WARNING,MEDIUM
42.821685996277736,23.113899190710562,45.68782080329484,37.875757848621774,110.2808495143764,11.069167817073128,88.48200507600923,WARNING,CRITICAL
17.68333159929435,17.98614813797693,87.88127184874057,47.584868428012925,91.96632315051195,0.1507579517178459,90.52732771401324,NORMAL,LOW
25.982806384254935,40.457574050641355,13.451333266459898,76.78796847058877,69.05211940192086,7.518224623809802,76.31900035668322,NORMAL,LOW
51.87161350607025,35.098968770476645,19.316678115007036,80.7141095238025,69.24648211312889,13.243935918360249,19.014747294479896,NORMAL,MEDIUM
44.456218636699866,34.110639498470746,10.287505845622146,63.26475153743034,88.87601430787483,7.363170821185089,96.72911008853283,NORMAL,LOW
58.992364221857976,28.590514904473917,84.16688312879752,69.28562369951104,111.88537538009352,8.46435360185623,25.104594268178435,NORMAL,HIGH
42.76238012256685,43.67994540806422,13.049855516231052,26.53645907988757,121.01707980183477,6.729405586221054,41.545732412499476,NORMAL,LOW
52.964291437892015,34.476787764824124,93.51914995030039,68.92738883151125,93.00000173337044,2.869249267744794,33.09639314495769,NORMAL,MEDIUM
46.76027301166766,36.89631321416523,49.16654604015688,33.08819494956673,102.94178197278691,1.8861804663093784,88.38393836517365,NORMAL,MEDIUM
20.65201882716503,12.857043479583208,57.67781081752729,54.68543640966487,86.14724495554964,3.02225794460183,40.919047120151035,WARNING,HIGH
21.773496364760312,18.398821500780343,90.83212697981966,69.40069093143336,109.7513675688122,12.905623947733469,27.213640604408486,WARNING,CRITICAL
41.8550799736145,19.51305969298273,51.53279253158135,95.71570218417753,75.07954844504653,5.498433951643485,25.733231551179614,NORMAL,MEDIUM
8.893789946900027,49.14848260083751,24.844852441698837,25.059038185096032,65.74374009153098,11.682849397336902,62.693470902786245,NORMAL,LOW
20.253359217167862,31.79197181774051,61.02217196661113,87.30402360811772,60.51650139718499,6.129168820228263,86.17837605252973,NORMAL,LOW
39.49685967849751,13.580257910939086,73.05239749584482,74.6094855513923,70.01876222763616,0.04541283437763832,89.73646978827065,WARNING,MEDIUM
22.195622527789393,18.503010014653846,117.03152049924832,90.92880478458727,119.13978742702494,13.876035293284387,27.577029243013932,NORMAL,CRITICAL
41.029358481180886,41.44155832003725,13.474160444735716,88.96436839187808,69.81442703338033,6.636461431111675,90.01900763487706,NORMAL,LOW
21.516739258428498,41.98169806024888,47.70397604667747,59.98872359417292,83.81026988908293,6.447687142625775,23.559579685295084,NORMAL,LOW
55.67019858786063,33.01991879987149,99.95962619824977,43.98072152184695,70.78909897092052,9.572487470729206,71.85287159694656,NORMAL,HIGH
57.17812222569507,46.925993403452594,21.82470770204351,55.28652112847365,106.62618179773253,3.553282819275219,25.007881588552213,NORMAL,MEDIUM
18.019808922265646,24.286774414348752,67.53806029210195,55.34673707315729,73.28430817304334,12.544070615641115,53.21087124978989,NORMAL,MEDIUM
7.81015594015495,15.091293838848063,33.52139678674749,84.68163852277593,107.1300475064683,14.861815428418172,32.34182757839576,NORMAL,MEDIUM
57.55822141983419,20.96924542209392,31.745171594304548,52.04239416356092,60.89623420957984,4.3214072095945575,86.89936799940881,WARNING,MEDIUM
20.51898845413924,35.56081851159277,14.967970182236193,65.03826839983662,69.3510120625806,12.76983419430818,79.78175618229075,NORMAL,LOW
8.442844272017213,10.083702449272423,50.72284402466729,38.221033968005074,123.2135907144324,0.7959486315047898,68.11105469697003,WARNING,MEDIUM
19.67462061899219,27.348057475929345,58.60271895582645,61.18342764517804,116.23227794249652,9.076975158073452,63.980827953141265,NORMAL,MEDIUM
28.501633435439707,25.70191022810588,40.012331321839284,20.54736031272741,69.21086493295839,7.587014967101043,62.478389212667054,NORMAL,MEDIUM
34.64243720624454,15.712513972024738,44.912911072342226,30.885898313529143,66.1123979076991,9.167092136380074,90.06119927366349,NORMAL,HIGH
12.741004550371237,31.133301821264666,117.64702361558746,22.162275405524554,120.39851720411693,2.0058166473719004,99.78366092894522,NORMAL,MEDIUM
18.723597660164792,29.69087318830262,101.77150498812385,22.87240346242033,110.42821366760182,4.869355711347014,75.25101126954387,NORMAL,MEDIUM
59.266634117720166,24.38905865607151,39.116225151649644,43.693237379333155,104.94822439431172,8.220592088025395,92.02061498164936,NORMAL,MEDIUM
58.684078907470045,40.38211788531048,68.5703991720315,76.29299431622645,103.56525711252914,10.670592202617685,23.541649419390623,NORMAL,HIGH
26.06992607183013,41.35588714222975,13.851987082441251,58.202332700090444,115.83816308010051,13.60935402002687,30.793085246800896,NORMAL,MEDIUM
8.044825372494586,25.07566777937566,62.71542096822687,30.766008726985568,81.38333190367476,10.34125520224484,45.740325345579045,NORMAL,MEDIUM
48.532313536432945,44.522608823018544,32.36405040132479,26.99558748591847,84.858679347292,1.0213945900198347,91.62330254922699,WARNING,HIGH
37.497454543676746,41.19053533258552,41.8884655854277,81.18771531510217,105.29014922147047,0.7233022451141052,62.46326524572284,NORMAL,LOW
41.18932050600998,25.507762021493164,107.70504345987418,47.31893027529342,125.92906757608714,3.8236203452617095,13.18361329162979,WARNING,CRITICAL
45.6196319731241,19.69230820973968,111.77862141745118,81.79022631670361,115.45252081426523,14.989264287772208,66.43218733793339,NORMAL,HIGH
16.542128180297446,18.27978715872745,51.25252126389345,67.36094033960593,121.42357065805672,10.251008423076794,85.72347563698159,NORMAL,MEDIUM
55.973877692695126,27.341513768627898,38.51475089387807,79.70111966645264,67.97507851017949,4.523886297073987,89.4865790364203,NORMAL,LOW
45.57921845307239,49.67731577981517,53.68228967735149,27.030417563845948,122.99534090755044,1.0760408722238268,84.10242382642058,NORMAL,MEDIUM
35.36866373840509,19.178527415806958,113.1273385849119,60.96101829517679,69.13478933115465,2.2702455963000383,94.14318376471914,NORMAL,MEDIUM
9.089390997506756,45.26179857539639,73.2670835964341,24.76158749025977,79.60178471722594,11.969515757115014,44.75481645784976,NORMAL,MEDIUM
36.859171735639435,25.128258819081,106.83163738152732,20.95252218298798,81.55139766668626,8.141688871060635,47.44277721152002,WARNING,HIGH
28.949118314190873,30.128111182430672,85.54015661612641,26.707595534606963,90.59920016301234,10.663203247265168,19.543526802130916,WARNING,HIGH
6.206676692309186,23.9742497918959,53.42491867790056,84.60981385419619,102.11715896614453,4.108383682810754,30.838773546341574,NORMAL,LOW
29.39908879293903,27.075085349619226,28.02644975396335,38.53489884526414,95.33819836479154,9.02870855296196,62.38087955596658,NORMAL,MEDIUM
11.202803276970558,10.488141880746603,37.275961314517886,93.87811204132208,118.16467618439685,0.3006139107897876,62.94844581768785,NORMAL,MEDIUM
11.597619784409883,35.92112069634197,74.15076281276988,87.89340633112927,102.49396749259161,11.300279298721668,16.593963241568822,NORMAL,MEDIUM
58.85254282633584,17.12994129489077,91.71017880497763,78.48556182377753,103.685085291587,3.726107523571632,79.86042071509573,NORMAL,MEDIUM
58.91820486906934,48.91267789471981,44.287333958429606,43.354852527685296,121.49019395085283,8.674664748749501,44.380064592053046,WARNING,HIGH
21.447307850680694,35.84917962558378,14.548516842056696,21.980062274869006,68.9155062413277,3.4493325490884046,55.635429033004144,NORMAL,LOW
58.19601467473486,20.759894745838846,83.92219807803781,30.273748903755518,129.36146180314705,4.326800782446601,25.4059685449805,NORMAL,HIGH
27.087026869314574,32.94032890490786,77.79477255089292,57.13148742148615,119.18408257743903,3.6328037392623944,83.64980958425517,NORMAL,MEDIUM
53.65793427925196,41.06867132036935,54.11093868525988,21.90755008541391,94.42233298155915,0.951369888118806,78.11307343347978,NORMAL,MEDIUM
55.59462498701705,22.407870647730263,114.28573440909179,27.909102406309046,111.66794910245801,12.270330369451564,33.05786095739648,WARNING,CRITICAL
23.78408262735485,15.04674553314167,82.28729652059273,28.609019882104903,109.54392540262724,14.522902664649095,74.16015550450464,WARNING,CRITICAL
12.50259962366854,39.507278639814125,115.50852779519128,78.3572209832916,115.39768150886991,12.236732153475971,59.53366248439561,NORMAL,MEDIUM
24.582072241466072,46.62146443019439,119.19409179178108,28.48643427742217,96.67088692857226,14.074244493482162,40.81928463978774,NORMAL,MEDIUM
47.861929994811035,34.05964180033672,115.54709798011936,42.0843702156088,74.2136385169793,3.3956908749350436,92.78463775894477,NORMAL,MEDIUM
21.8747773277543,49.549165070206364,50.09656449429186,65.58684203012572,63.087731726172755,5.98526913935096,65.78092333557584,NORMAL,LOW
57.84035962055173,41.967332386416956,87.68913885364566,96.37727711441886,72.00130620539667,3.2916710854700963,45.838769561022545,WARNING,MEDIUM
6.296443669080492,33.093187364232584,41.46625768058229,90.6752294176752,120.88871120700276,14.06607845673963,33.370096628401726,NORMAL,MEDIUM
32.870113426020794,25.371446249815165,65.99092058427696,31.34729368684468,88.80692924098123,7.537558390256657,57.71808103351748,NORMAL,MEDIUM
21.085973380316513,20.52210190459009,107.24171936074337,77.25256447624001,119.20129395080781,0.8821084096271414,40.310408575606864,NORMAL,MEDIUM
9.579024329289757,43.58561097858643,21.404069970963164,50.04002429673015,124.64095601848068,9.421631129473095,97.16100223446196,NORMAL,MEDIUM
54.50839455605456,33.82735874386135,47.5313728082498,87.87101748927051,127.04227987541134,10.316858384669095,65.80046796596736,NORMAL,MEDIUM
45.77736660245079,44.3046282306615,48.4380097198282,46.54006166239892,69.99097858931646,4.7491815190508335,56.8623730815323,NORMAL,MEDIUM
57.43443538963379,22.373810160091587,94.12886901063533,41.086307626559574,122.22081093927291,13.213380915774069,60.78059479838521,NORMAL,HIGH
40.96166575360745,16.8305477868196,113.34985781088633,33.28080562671222,70.2856894661224,4.877090695637572,34.46454764423027,NORMAL,MEDIUM
15.616541581916941,23.42495562998563,61.01657789208799,96.04164662360135,85.74386120670596,0.30348517010103604,29.566801562443175,NORMAL,LOW
10.49896104708538,15.49386378652537,116.40882941799262,83.92959704498868,62.06931228525751,9.35373136875348,87.22957235731961,WARNING,HIGH
35.45040211836081,22.95274813206406,96.19281328376023,74.05189243158958,88.78248491073329,5.816446198321735,46.887482938088716,WARNING,HIGH
12.679999386062823,46.40705458218801,13.69445948116296,46.27991214461085,69.50557411913569,13.278522561810183,54.34076294427548,NORMAL,LOW
43.503261864809524,40.950077577385095,32.38138206349901,24.577213115030567,95.91173467039782,4.898496259463368,98.28950365650151,NORMAL,MEDIUM
17.100387017421937,26.24245561163974,20.896231795869525,34.102884600027785,120.79782371817606,7.847355517329911,95.3553115223702,NORMAL,LOW
14.753503971187637,12.65182418093393,116.66244522181272,51.17401136298334,90.55997106359047,3.274809241845768,57.60720625362748,WARNING,HIGH
28.664284969768783,17.785579812025738,95.21289874975339,52.66763465678647,62.359311223021116,12.008977153777762,27.60475299552822,WARNING,CRITICAL
49.94245513041369,22.622981257714507,50.84926305933121,26.943070929970787,71.01843278327993,14.839235317538886,64.43286768508318,WARNING,CRITICAL
28.379349221096277,40.0799870205353,113.22417647603501,79.43960502128766,103.97161029705492,8.808019283195382,54.90406534766142,NORMAL,MEDIUM
50.346040078551,24.595457972393838,13.756792674605357,63.985702640517374,69.09929173780645,14.818627292790895,96.38383437134124,NORMAL,MEDIUM
51.531187048054974,22.19821304008579,50.114166952755546,80.939700402644,108.42446447624914,6.706283777450211,68.40559175171505,NORMAL,MEDIUM
29.81846834614249,25.433857267824642,68.77011218662246,42.48537693416628,116.69126363460208,0.6885810147686511,88.30922661896638,NORMAL,MEDIUM
42.99905242989672,24.26803323730821,60.22645822349917,23.335823210672856,77.12352671155989,9.002716978205566,10.074445249189264,NORMAL,HIGH
48.798707331488295,21.316839622607112,102.8239437935441,78.76635334551372,119.95002737563911,1.9116757370616821,75.87015349683504,NORMAL,MEDIUM
13.913861190337602,35.53508016733484,115.15599037209547,48.6092210924664,128.4717364508963,3.1208572900073497,32.147865734108564,WARNING,MEDIUM
48.44365456329374,39.86885004868248,37.53436009782201,81.47034541047103,85.65138543049075,11.438940693354587,71.32115477469836,NORMAL,MEDIUM
33.627833100571195,49.90038669504075,57.01760022076449,28.03037586786827,64.19401419101423,2.288874143031792,78.2732192887343,NORMAL,LOW
40.73209427794614,21.355457255919138,33.18139994929254,98.95440779510193,60.2784288598645,9.945826920200952,44.708976747855885,NORMAL,MEDIUM
39.33436218544509,43.05708437464236,38.98240381122668,30.348627003701985,97.7425476010163,8.503947217055108,34.1975853949109,NORMAL,LOW
19.714775827360732,44.588822568375114,90.75772759544026,60.760466039417025,118.34983551914428,6.742709818541103,44.761012795657294,WARNING,MEDIUM
37.25950221277535,32.04024795078222,22.85104062788666,42.86652103371019,118.27154893035859,12.2622600952386,69.51144803361996,NORMAL,MEDIUM
31.771624734341447,25.686844750403456,24.847929144049573,30.300115251788764,123.39016476017292,12.302157126167092,87.13119908674635,NORMAL,MEDIUM
55.17821923794497,46.04507689028394,56.60510947022148,76.17461247953997,71.0743511923001,13.443970364895574,36.668594608551984,NORMAL,MEDIUM
31.93157768258847,35.25870361997595,98.8051459410221,46.85919806478307,60.892170771639265,10.82822340146327,10.850075219954299,NORMAL,MEDIUM
42.62850095020062,14.526359367375065,93.3005200974762,90.66744525057727,87.6148428285694,1.8413506678751563,97.22808583664603,NORMAL,MEDIUM
28.043650402328907,24.798898054346424,69.2273879672383,57.67079742865079,117.76206610312786,7.782085339177337,96.13255865829753,NORMAL,MEDIUM
40.81581761820279,21.347643099201786,109.52425919517077,62.199643431137076,110.25813817879649,13.502135866677063,45.69618699191896,WARNING,CRITICAL
16.544958589316302,11.760977971645934,31.13593455953127,21.025724943277613,128.20387228334735,10.53627940147558,22.468671081497448,NORMAL,CRITICAL
17.542337014472473,24.55951986953024,86.89828987711859,45.371753187669775,75.18398485922553,7.161881505733153,14.196300621320438,WARNING,MEDIUM
31.23695490798441,27.618063354109506,26.55252046028351,87.7930560913254,69.26569112173975,11.572300696880191,89.15155167747159,NORMAL,MEDIUM
45.020019405356614,12.395402807008903,42.3308358013264,27.192871643312564,115.76106198562238,1.0539671651053824,98.82757581931794,WARNING,HIGH
40.73783203581368,38.77141150303176,66.14070225682768,96.4775304311999,103.40963030928413,11.914196232734005,85.17653408151797,NORMAL,MEDIUM
45.56658911385304,13.806848930043301,109.85345871691194,25.345326878764673,62.33330699025966,4.346034278312262,93.96638469486498,NORMAL,MEDIUM
20.570289734933304,11.89177257842449,111.97458635175163,28.598097858957956,114.73704031671664,2.460056952155174,85.13135495888858,WARNING,HIGH
10.758245668651151,45.392352535925816,30.902491672795364,96.35735336047952,111.75969770319546,7.131203312789723,82.7382294729859,NORMAL,LOW
56.85380306334071,12.173651471814262,71.18459739568536,42.53905494206738,92.4117431771971,2.2949707862729296,60.70971266987857,NORMAL,MEDIUM
30.48069019176243,19.57016251483835,54.85063300371138,45.39065599089288,87.13506857746975,13.731765807929929,47.25950914136654,NORMAL,HIGH
24.161045708076824,19.653787623122724,64.53873986501482,57.83910327941535,88.20383584193809,0.7507477701354326,60.45493170992545,NORMAL,MEDIUM
55.67466025398172,15.498314257106024,88.62369380889928,88.39227764053712,94.30297764824039,6.897556327420046,59.38426006670569,WARNING,HIGH
20.47285387245436,11.000436995076338,50.00225994796837,63.927994507475674,125.11172460403384,6.177445619312528,94.91262905374049,NORMAL,MEDIUM
37.18813064046757,28.56512195987395,83.07319316567482,99.97811617311044,83.99142737832051,12.296837559179776,91.11842627480047,NORMAL,MEDIUM
55.919173557436295,42.68387773595025,67.2924527157094,28.379080709005542,112.97853669803519,3.413658660073633,68.97628028252393,NORMAL,MEDIUM
20.522349139634677,31.35898252394105,69.77065777514022,30.90742741121975,122.95843865654953,2.5597564735640477,60.68834904470448,WARNING,MEDIUM
58.59326272698747,38.46937297329575,98.93491845242127,87.4648124738136,89.00685100710058,5.913686508826463,97.73445025018009,WARNING,HIGH
27.393281734309898,40.92316465615958,64.27517172806009,80.61357909231602,78.63234609792651,13.878010479815993,47.93133202559777,NORMAL,LOW
13.440790829489675,31.18285934311,91.66125124119391,99.08753627362267,84.84225397590673,0.25740100465049043,54.87955972060936,NORMAL,LOW
53.02568382631597,22.361842057925454,90.13211952092483,52.318201433143585,113.34203360154808,3.3701439087281226,20.22089511150925,NORMAL,HIGH
52.52438026065155,28.91370848882346,13.003934050659531,85.28124638603614,101.49206643625322,12.088801894560069,65.71875740939919,NORMAL,MEDIUM
19.261375490926028,37.35766994793053,44.38776142644652,41.13558814433397,70.4573058869274,5.571561550708383,71.80106708823928,WARNING,MEDIUM
46.21026908841467,47.256822606649344,89.87063844339092,81.08323909111948,69.08864338102921,10.011346408697735,79.62728658481093,WARNING,HIGH
46.14725528299,38.510246977112175,116.66645162368519,51.368164424212,77.9865737384456,0.10935466729214638,88.94083180217766,WARNING,HIGH
29.753993422809685,45.4678932845093,72.53083481580558,52.36346389573447,95.74903254068317,12.483181926288031,38.80810015442948,WARNING,HIGH
36.121745340454744,39.970098607306866,113.30532984656118,53.24825376641706,81.1842072361849,8.062125081810551,74.48980246424492,NORMAL,LOW
53.29870952420369,10.147173560481214,63.93324357361187,73.67115592917713,108.67324996679592,9.046449438545975,95.66767161960404,WARNING,HIGH
45.14008227233136,42.624144574947195,112.89007978375332,79.12581549485382,88.93146455686633,0.10011153632880854,90.23492519038042,NORMAL,MEDIUM
11.062612370166462,30.89770059134695,114.6985560296408,43.401714841071765,96.5396863851287,2.2965042020557953,47.88624062265473,NORMAL,LOW
47.294977127613876,16.162207079448226,50.81275996343475,82.73529089624304,80.28283746747206,4.267299479830747,15.490790663957002,NORMAL,MEDIUM
41.61467802718726,21.76436779487268,76.08556051729943,90.85095918016556,86.65397466559453,1.6138084256549112,40.68702672474433,NORMAL,LOW
13.386195184533172,37.407751932303896,115.11630118790008,67.55837622427796,99.92545958929202,12.521061878119403,90.842809180453,NORMAL,MEDIUM
58.41178740158753,10.87018546461426,67.2983104243599,39.053328388894634,90.091980763838,5.182698626824593,73.94637335688222,NORMAL,MEDIUM
18.429005938117385,20.798177300699948,102.49926639375916,87.7051757436102,101.51464378835468,12.626280011367902,30.13880499410426,NORMAL,MEDIUM
6.455981125219607,11.48842564516849,66.42895281922793,74.5045310565035,119.80456916118534,3.57018255770642,95.30044598688276,NORMAL,LOW
17.591738983651528,30.061784302149313,62.56388846529255,33.72371391834022,114.86690094430705,6.647445801677177,51.49887393631541,WARNING,MEDIUM
40.213689140329606,46.60220217941809,25.050148946501317,26.088189325724223,90.59258409648017,1.8247471305406204,70.82128194360922,WARNING,LOW
5.856035161888052,39.18098632054212,21.88940336638946,62.39561673146375,105.58535850002474,12.554010638293246,84.67865806555406,NORMAL,MEDIUM
13.395348907939209,23.898219707632457,15.56599268427517,90.91146112945768,123.38160583260358,1.1345700192233328,92.81803567462083,WARNING,MEDIUM
7.21500577834678,24.6538021254033,83.58247642904084,63.08316578414769,122.7843668825092,6.25686350712431,77.29776016871385,NORMAL,MEDIUM
19.058517503725767,48.676418753993204,111.22832795782504,78.15980304635553,114.97487394733452,0.9069581382642672,58.36751442998393,WARNING,MEDIUM
7.034330407369595,39.60988521600156,52.82317822793926,69.19702214488774,95.14696040967347,14.498784625557933,82.9710998309864,NORMAL,LOW
24.298829012583163,37.85274162740283,88.52629334432073,71.86162880197669,86.40651772553431,13.75562118931258,77.40257799880315,NORMAL,MEDIUM
56.772334659088955,43.038595073944705,93.72567382297756,96.36758755376314,72.40299919543273,6.464532384732533,18.48509054981093,NORMAL,MEDIUM
53.77976591367027,49.191497928022294,56.58843457053452,21.730205002110125,106.51816749901114,11.995377349091754,79.52245042449036,WARNING,CRITICAL
14.708061988750508,32.87332374627792,41.41713890191011,93.45500109559575,105.06471159216768,12.184057252592313,98.22390314612228,WARNING,MEDIUM
51.368352387193106,11.837228279351555,65.38782525452473,60.23648549528182,115.5451742512598,6.648888397781464,25.293691510271493,NORMAL,HIGH
43.38526762966169,36.13042810120877,43.99340597456781,63.832694334371844,112.39971162854243,1.4013804242249372,34.54112212341833,NORMAL,MEDIUM
42.538703863512254,36.884723073023984,81.18947501656385,71.34278904498643,126.48012523190556,3.399924638442959,15.68504096750776,WARNING,CRITICAL
24.389756920728473,36.592843737893126,104.57020718588088,66.65124594720922,106.7810224714716,11.902714505972469,24.530475819654633,WARNING,CRITICAL
53.68503362285117,18.02521486101376,53.661893676835525,83.04962027623283,94.23320660871218,3.6931674975482442,95.13844368459718,NORMAL,LOW
53.193772293364155,44.571845047387356,48.991856466296596,32.63857645662492,117.36508421032173,1.7217778140737643,36.533398103878056,WARNING,HIGH
34.39519005619286,25.61657373470969,23.743037688852514,41.96212342093327,81.28126165939975,9.834640330994006,59.40362734361561,NORMAL,MEDIUM
46.743193897157255,48.74624798416269,84.61222650759184,41.575870405457174,94.30565219330097,11.707137159331715,63.1359378986376,NORMAL,MEDIUM
31.748775875919822,43.135321281510784,110.99434137536045,42.98975101525235,76.42299179023934,8.421373850256732,25.274954248699224,NORMAL,MEDIUM
41.05993742868734,39.30723240978536,54.347279223383474,46.12066803660268,109.77453629458817,13.90159932112272,74.26415956935728,NORMAL,HIGH
42.213892700049534,29.887952924938872,26.522952036860758,31.18053690638897,61.85135119696846,3.645607314677894,46.26908036029049,NORMAL,LOW
48.77181544743338,44.98254951478123,11.704782422350927,89.7517917989428,67.62024437778398,6.647945505448841,71.86092853365129,NORMAL,LOW
33.60117002466892,19.609919409551715,115.88541487361894,22.993033945592025,112.22632093096155,5.254893048094364,98.93032958349693,NORMAL,MEDIUM
6.104798384318274,17.496310012750975,90.55227776897321,29.42975080393981,60.51425163594785,14.146911850671849,10.97177373352107,NORMAL,MEDIUM
39.05076838262105,17.93506198551256,93.43748884616073,99.80761265499876,63.35023514201196,7.023292406155834,46.84131491628064,NORMAL,LOW
38.048792989830055,37.14503781282525,86.3091246182787,86.46149142949007,73.96535441882607,12.221251175620191,88.07238671724816,NORMAL,MEDIUM
43.31755673389493,11.169510213846285,95.56783688155144,41.860441169876374,68.69784150215328,2.770674361002791,82.28917557329517,NORMAL,MEDIUM
55.103347171188496,36.04598756853901,34.182028692310084,57.79391310589417,66.85751951839165,11.605398681855446,79.3843412273988,NORMAL,MEDIUM
7.923213317531459,20.29314433616579,60.72632349974377,48.018208403081104,101.3894832308739,11.383677859137148,89.65340932652502,NORMAL,MEDIUM
22.959710154533187,28.988005143118304,18.07507504690639,74.2829713874471,108.43038486926335,9.762420012952585,97.5982875650673,NORMAL,MEDIUM
40.409291733623334,38.22914539299887,53.165569608003594,23.052300257897507,68.10988811761243,5.565599427271165,66.90051326432054,NORMAL,MEDIUM
30.472988726483177,20.65284136394382,27.282679001665606,49.815980512460456,74.77797079269459,3.738283336282406,83.6760768207088,NORMAL,LOW
54.91638758830283,41.98502167202029,51.235319958640524,20.202614761486927,77.22998998227365,10.022364911220379,85.56594987264752,NORMAL,HIGH
30.510662958761888,37.23862304892823,101.06481064119576,74.75797683811274,110.75138162460921,4.914398711703624,11.350663520658278,WARNING,HIGH
18.243986781859064,18.330102449537485,23.38285602879946,56.37151664781348,120.21166125681452,10.719592465058474,15.757953278479729,NORMAL,MEDIUM
39.68941584558798,39.998046621859565,101.99304025493784,44.30312135728709,85.8330338119616,6.554605098130964,85.44658013851071,NORMAL,LOW
6.977256453152221,17.38624841135,71.33150889039544,47.084269567164476,92.2538382342225,6.171137136228545,57.78661987031986,WARNING,MEDIUM
9.407889650328588,28.19861556357936,21.539939917344086,23.076033698848892,66.10529767510691,2.6126344537309176,98.9530590476985,NORMAL,LOW
59.54269027225567,41.01380714814994,48.475780409412245,65.32422687048228,104.81578970574833,0.6455270949832143,86.02240076448783,NORMAL,MEDIUM
15.274813536322261,46.420215272963006,41.82833370695439,88.69437468317236,121.8071506787905,9.560370387991904,78.9096442049669,NORMAL,MEDIUM
22.96044067887882,16.00389360411839,35.84878423007993,78.44016495460049,104.12147087662947,13.434317655614247,45.210888105188054,WARNING,HIGH
22.29365314229107,39.272326916591524,10.584279991315595,29.53186293279744,115.34649824849721,6.7891792248023375,87.30510014469937,NORMAL,LOW
52.92325721384155,29.495757313403995,75.94727473167622,81.58355314977219,100.99941610285798,10.447785166058214,75.83326965028904,NORMAL,MEDIUM
15.135627348720393,49.664165639161894,34.08695487853403,28.072479471227616,73.4551879503992,10.736317497154765,53.49482001975621,WARNING,HIGH
36.48623649121821,26.85074520981507,108.26103184519268,55.981417232768685,88.96327389341099,8.549712170245899,35.56217201631873,NORMAL,MEDIUM
6.820325297885862,14.600563125779452,23.12231132116503,31.057702784559904,87.27571916196082,4.509780002993639,37.121444378361836,NORMAL,LOW
14.184848566877303,14.709603850222003,55.59011806312372,74.91888211500581,98.44459099638098,12.24272381134577,79.53558968097978,WARNING,MEDIUM
57.45183950391478,19.451771016923548,44.06437130412234,81.4519209083345,60.11100887992605,11.144917608299098,18.680684918614475,NORMAL,MEDIUM
9.555244727251834,49.87607925773931,56.79609183493766,97.14406333157888,109.57399623632193,8.424866555427164,99.24658924334952,WARNING,MEDIUM
55.06203651697255,18.039703836107634,118.14346985775671,77.46705038668723,87.9435611956117,6.993972854931893,45.562489328713326,NORMAL,MEDIUM
10.47897052312754,30.718023497902237,109.79551851493484,95.92677541347635,79.30226379407551,3.2738073597800232,60.045339855203366,NORMAL,LOW
11.958190621933191,25.010142570524394,71.3291961242142,41.08528049374475,84.13759898782075,11.738798743993918,92.65267909435546,NORMAL,MEDIUM
44.32869767166823,10.245125335009323,61.4428029255429,67.17599978239318,70.17447038375653,4.868718229155453,38.677823514154724,NORMAL,LOW
16.462943484582166,13.248678814201572,108.55069041002439,67.17590627623062,85.88275372453694,3.411408666205205,26.137011082245383,NORMAL,MEDIUM
12.574759703856161,39.63563004212666,12.852013831384848,77.41948955789577,66.77703198027059,2.0810137232934838,13.099639263912884,NORMAL,LOW
48.938151044064476,39.18133414169722,70.48790788803473,86.49449490886386,94.53987072341799,12.381947617395774,57.67442197507351,NORMAL,MEDIUM
24.134738978874523,40.43946231248603,81.27003332130762,67.49138433450956,68.6203609956593,8.325427650965912,88.47672921635731,NORMAL,LOW
32.931348533159465,10.311564258981862,117.83224820233809,92.7628714897251,108.10454436419602,11.027219195857839,86.41829376484574,NORMAL,HIGH
11.997794484940362,49.32735304520279,114.75343763380415,39.31982042096617,67.27172256255596,12.572264707749829,35.98508877071031,NORMAL,MEDIUM
50.58268672233993,36.704462713064636,58.6180315876711,41.696697492612536,88.63632287109736,4.3644250184153295,40.855099178607155,NORMAL,MEDIUM
45.51590085388473,15.675440350393082,68.2041826140962,54.99090705285343,74.588966882963,4.626634116441146,37.185643813804234,NORMAL,MEDIUM
55.50855488070508,20.013333027228384,51.74233388455708,51.69693019150272,89.41524421582153,3.2550193590908783,16.069078620785312,NORMAL,MEDIUM
10.164291957502597,32.085997234728744,14.318021597176209,95.85159566697371,108.95385303756477,0.8366509165222219,88.94169084101938,WARNING,MEDIUM
24.941029458381735,21.709566661153406,56.80299246471341,21.06231832162785,109.1572621137793,8.474191408983506,40.54852689579924,NORMAL,MEDIUM
54.59414061959714,13.235769996556703,89.90731796483854,36.64586908990164,122.16642272639771,10.924911324718876,32.206901073874775,NORMAL,HIGH
57.32684314251095,10.937691108297765,114.02075506761527,20.339008310678448,81.79150062059215,12.650913726338997,54.838917063717446,NORMAL,HIGH
48.52787514722523,49.92623249198658,17.051645761990095,27.58986300839627,107.31636351021243,1.034616920667652,87.66642157981238,WARNING,MEDIUM
45.740865147378265,14.237267193140015,15.34499375484897,37.87816227725686,125.40525370280935,14.017426846147194,88.19191016770503,NORMAL,MEDIUM
49.366187717856214,49.31543174987588,55.76585903046969,30.025324757397485,98.54152624481391,6.37358233431251,13.791501065189985,NORMAL,MEDIUM
54.48797432094231,29.55525663099629,11.366660439335119,71.55785685660157,76.84263863708463,11.878573940909328,73.41706469426114,NORMAL,MEDIUM
46.1334097268444,19.96609115317864,18.50961740762934,28.075039947060088,112.4571480886313,2.8447019086111918,96.82113363917617,NORMAL,MEDIUM
16.228412300033177,21.104412826150686,91.0298354774503,49.80077528431465,126.16850545261748,2.5427550832115746,54.108583401933984,NORMAL,MEDIUM
57.26020984979474,31.584932301756574,49.40397490643813,57.71716565063088,70.092047942786,12.886171359432323,34.53090672878929,WARNING,HIGH
20.37790103812789,15.891591759838267,31.936392566546715,22.127467663836384,76.84142470567505,11.268389241838516,40.09317023041059,WARNING,CRITICAL
55.971680597000685,31.109157687208423,27.96431028113799,71.53650653719458,80.91508384542249,0.29592067292454727,88.8638036805632,WARNING,MEDIUM
32.7499140288902,26.478840549039706,36.622112221113554,38.1632547978314,72.19992954463382,1.8741670840197633,80.98381712452473,NORMAL,LOW
48.48617084939304,22.143646551572974,44.374341456603844,27.37961744840287,112.12301806013693,2.8807512314416113,33.013330116070975,NORMAL,MEDIUM
21.49791667381579,26.496969730317595,50.46415203302359,89.81252265829437,104.52048433417434,5.905155505319114,17.512544771479888,NORMAL,MEDIUM
10.061819862537861,16.347212470823045,31.638616385658352,23.201395756901285,76.98317807674056,14.850199080705233,47.31892579085145,NORMAL,MEDIUM
45.87281980460733,29.989993011284326,68.37673752031266,67.44419719604981,101.10996173253511,13.752934922907649,57.37400207835998,NORMAL,HIGH
6.0277287809192375,12.128959467962899,30.46445623077163,99.68116102424983,120.3708660849586,6.929997024549044,66.03046291599412,NORMAL,LOW
35.91612465506475,38.17212451205832,47.97557597051673,62.948441673320914,61.597603821563354,10.784272255892965,91.02231356503599,NORMAL,LOW
58.211095645721585,22.994633052515784,52.72919252068762,47.84800624084181,110.60221328557904,8.497647563980665,42.40766528634314,NORMAL,MEDIUM
28.286843088055996,28.06965764033621,22.49895335388223,69.66714736630928,118.83781268688519,4.662638621839508,14.564451892119259,NORMAL,MEDIUM
12.927512716677187,26.31598089695231,89.04082580107054,77.4206891067042,114.4166916654774,0.18010053836626072,25.123942058432405,WARNING,HIGH
26.74289561954441,25.443993760968546,65.32742506951979,85.29793216162302,112.16710494161123,0.10344411515742502,41.14530013858567,NORMAL,MEDIUM
6.3205188194630235,27.241611893773413,118.86566737882941,31.746086023348763,126.57767979271031,12.568978380404403,22.01571504377482,NORMAL,HIGH
10.735240436873122,34.84330871402699,60.527304018780875,26.241613061803193,63.91227857051306,6.066691246706667,88.11434254097684,WARNING,MEDIUM
36.83924846810058,20.516047794683733,13.102272291785026,65.69698857424768,124.12835785140936,10.10420123084695,67.79019324076955,NORMAL,MEDIUM
7.723985225439414,44.45650693816187,38.01661254390493,71.93269592930197,89.22546701232841,9.983327127104348,48.600684605907375,NORMAL,LOW
8.72076661457685,29.576252814748322,91.26451715816745,86.05568213993273,80.2902775090962,10.923793630148442,61.21219969998789,NORMAL,MEDIUM
52.532683733351995,26.70045867603182,74.00128050585934,84.719454976188,74.61851038414326,9.987440291403374,34.474485683268846,NORMAL,MEDIUM
25.0015040764305,34.40164932175103,30.575112268575452,66.56659919998381,99.78410332488741,6.217906456280804,61.20247649882134,NORMAL,LOW
39.84771398317527,37.350881052757885,98.89246609291678,54.73722628447253,81.68679052563358,4.95400287586484,85.2740871245198,NORMAL,MEDIUM
19.18168338612724,12.20204223543021,117.26586947091015,99.91414019022446,122.60593317554039,11.415115771750123,16.992106518573422,NORMAL,CRITICAL
50.9231888075807,35.39301373449402,105.26287176778615,85.51716907960954,95.75964784061628,12.49475744306444,94.01922194228948,NORMAL,HIGH
7.286471997544756,32.99313370575889,119.98867811010241,24.998671387167093,96.35939244133549,9.60889985387617,71.22800651342347,NORMAL,MEDIUM
17.60650007948462,37.26740418453083,74.18712304490691,61.025609312396256,128.31006383050737,10.913565905000876,23.425543497376065,WARNING,CRITICAL
22.260624343603673,24.829610173062996,33.48873164337581,76.7672702866559,80.83971260636204,11.836321344291186,76.52407095942073,WARNING,MEDIUM
33.17554712975887,36.27374820239771,56.039460151352316,76.61941791166527,100.15551116409304,9.99802067243631,77.24580530797306,NORMAL,MEDIUM
25.15442104139657,43.44314571866059,73.56846446390506,68.69434748149106,122.96640376383115,12.30028483462732,20.041934774210603,NORMAL,HIGH
17.300361416861296,41.22492905938641,44.5789435099475,57.39101329661236,107.12054716304007,9.948713481136917,66.84425034696534,WARNING,MEDIUM
5.266349989227554,14.781892993028727,20.554193638520065,45.44614013257701,125.68692134796358,3.720885696391308,28.251571830734786,NORMAL,MEDIUM
43.17168717730545,36.41165088681007,11.093718829967695,56.615726951533105,116.25872549596761,1.4494303027999056,58.46763160793917,NORMAL,MEDIUM
53.10427988256436,26.27832957498981,93.52982198741829,78.9846761133694,128.27028999203017,1.3486226262857022,74.22437486197965,NORMAL,MEDIUM
52.186892515974236,49.43451569131628,50.64924375266698,46.14968149798848,109.23374626852842,3.936088075974763,75.07871958318937,WARNING,HIGH
21.39400755211179,48.22305082128693,44.40465518764706,28.36134356062871,119.97800738303197,12.91716541226229,52.44470734730775,NORMAL,MEDIUM
48.34973908347181,20.30614149206421,90.92266192461051,33.96881115086954,96.28065803649989,7.769802904274127,36.09211790835436,NORMAL,MEDIUM
50.923564007593896,44.542981526867834,56.735208696662,87.57151568090234,105.1230791482053,6.570598019530246,92.55817802729631,NORMAL,MEDIUM
12.910855587318956,44.984034666448146,58.57363866903177,90.18671805909189,129.57157650013195,8.871663696736872,34.51325212798015,NORMAL,LOW
35.031911143778174,20.795894416499493,73.63851466145918,55.5901170984266,84.88184690811403,10.54329975155326,52.22167744063229,NORMAL,HIGH
15.344956763509106,21.040431589186618,104.60623417059898,85.06129718970827,66.81382560975875,8.177240182199478,35.38643468551534,NORMAL,LOW
52.28043696091945,14.201308105811252,67.15984674363477,29.851243602180695,106.42385128719405,10.535782971885132,50.42362344210258,NORMAL,HIGH
57.73056703642413,48.14551839213612,18.81165443794678,97.08688022059104,127.53038128939167,9.394164528231098,63.78630659921757,NORMAL,MEDIUM
44.62577495124249,47.107215123687034,59.171229739907005,31.394208824036667,115.3022228410525,11.745101040605716,93.69509921882782,NORMAL,MEDIUM
11.281506150369069,27.91398166713808,113.88795576722877,47.66024581081765,111.110521782255,8.208480543917625,79.02805250794248,NORMAL,MEDIUM
31.824431174673602,40.93808587150292,104.92494494254805,33.38025040065335,72.66453954463628,10.329040861022564,83.30480104461526,NORMAL,MEDIUM
54.00387079943551,26.19013405128705,75.89429878155153,93.79966129457485,119.57756067528328,3.803746275387411,48.22941667307923,WARNING,MEDIUM
58.077878159718935,10.75218993282327,102.82941920838404,59.94435158739936,113.89762059278908,8.943452583146316,59.7003616716238,NORMAL,MEDIUM
51.28831476155529,37.14178398233128,29.83584312703362,35.0121317196013,106.27328365763532,3.46986766881417,34.88359017779724,NORMAL,MEDIUM
10.64377565035293,46.50535257601866,31.49695715831803,51.060734837879245,70.03087310453509,7.645718700954607,87.01181236802388,WARNING,LOW
12.941305355258084,11.00749791377635,60.08847810146268,90.63150356747681,99.0169087752414,8.11323680513359,16.99125954245634,NORMAL,MEDIUM
50.554853931021434,10.239529070934342,57.22691891650759,44.73864187494183,101.69721456525664,2.324533686289703,45.00969248769668,NORMAL,MEDIUM
50.026812207412206,30.224869790895394,79.50733919919948,46.056465335415254,63.3535445502181,14.989834969814316,14.077675953920568,WARNING,CRITICAL
37.92259246812687,25.216479745499775,90.66239671219219,78.66861680095093,67.61825975882466,13.8555127791553,92.93819713230987,WARNING,CRITICAL
8.64202367894913,27.891887516980308,51.97439016184422,92.40320922170044,126.61136307152344,7.0500214981062985,27.810872909711943,WARNING,MEDIUM
17.080492139890854,48.14313539138005,102.01790106069289,47.65596637372235,78.68145886360553,4.216616934944622,50.039854282807795,NORMAL,LOW
45.1952506438671,33.06213907410816,110.90194405393945,88.34412186510393,105.71163506144416,5.4764949150627915,98.91284888469968,NORMAL,MEDIUM
32.030983088860694,10.59086269851083,93.59377308775817,30.553836218149016,62.30167866020159,2.1175860009820857,27.331871348988233,NORMAL,MEDIUM
41.25545263851642,16.241882339883848,34.27290759240563,20.963784666332668,82.50670210182325,10.864972588078803,14.795922128447648,NORMAL,HIGH
58.687552891074844,40.34066727788143,31.020773894904153,39.95075535737753,91.66460940806661,11.800889471258266,14.078905093422467,WARNING,HIGH
50.107378095909105,19.141317690873766,59.78135410494981,36.24417479778419,87.85932903467875,0.6297260078809425,95.95092264137159,WARNING,HIGH
18.515448811253222,37.99023754957291,81.04777756329676,99.0271437549878,76.66175946514639,1.5326918320816407,46.676938881363,WARNING,LOW
34.4484878230157,35.61889378875087,119.9324474426851,67.99916578989894,90.64938026331457,5.701473052872624,11.137549239622517,NORMAL,MEDIUM
47.912270751619104,16.761721403521747,39.10872870010492,23.959586913171034,74.69933130557664,6.144406939465661,59.65759357981995,NORMAL,MEDIUM
43.71550035835839,32.61104369811072,117.67044091892001,72.45846414920616,104.86353231399944,6.067032140531571,62.17176317905195,WARNING,HIGH
47.64670720927589,34.32600635785251,109.35521320762196,32.70382196779933,106.88883876200313,1.2958123438083613,71.14333010263053,NORMAL,MEDIUM
55.05256988714484,25.124042419147035,101.36646966781636,55.89412254066984,67.72987707976488,14.921463970034026,78.41938818981349,NORMAL,HIGH
27.716413860118152,10.741567933625383,26.79424337798955,67.22275640910084,127.45360636118167,4.763668602924893,64.87017200137716,NORMAL,MEDIUM
27.33915701088531,17.904877086396954,44.66546697635893,76.44866962559894,84.16574564153638,3.3523384198662844,18.554242651045328,NORMAL,MEDIUM
56.015398428656184,28.213504910846595,87.56407167412964,56.16907273136249,79.21019550275028,12.15873470820512,12.382838378008874,NORMAL,HIGH
30.5281092876875,34.13309501911241,38.58479585776817,46.1444890154635,77.20614577679939,0.9414672544940877,67.49015212527158,NORMAL,LOW
46.150204487331834,18.849345832442395,101.35927765405623,85.63912875564873,88.02450093176553,1.0436421391891804,94.95605588653535,NORMAL,MEDIUM
55.218173739275024,42.50727453791388,41.60482776217825,79.59818439565146,100.80745061186835,13.264058624154003,48.60158783497876,NORMAL,MEDIUM
27.253530585346706,24.55884768607642,93.23302373092585,33.56014957813198,103.03709725299055,7.847301169229788,98.75591748884975,NORMAL,MEDIUM
10.848559870650346,27.11221563957356,116.23229257549696,28.685327547945043,127.32150154143494,6.247655429485269,78.72345901619823,NORMAL,MEDIUM
23.846227734002635,41.760487378592856,22.818206511236784,96.91913629331167,110.30854957908657,6.118542486152342,14.641421224570403,NORMAL,MEDIUM
25.06911278919282,23.334809515252886,13.2645393115931,85.83807331612526,76.29984803186812,7.054980261690001,73.05225107197289,WARNING,MEDIUM
11.18139921065591,44.669951862879934,44.73498746024776,21.396304579340786,97.28287740189316,12.511925682586996,35.33151973375877,NORMAL,MEDIUM
14.347825301991557,13.463383553662268,35.606741673980345,49.27736338934964,120.39901261249243,3.209537158005725,39.63071480675888,NORMAL,MEDIUM
53.80170472363349,40.454897419274104,92.415294852796,51.38761694317174,66.08292385251914,8.31058094354466,58.341335105895986,NORMAL,MEDIUM
18.555500859035906,45.59924361161537,67.83979103233145,79.97223624379588,118.34678833201565,5.407798564294216,59.648974572313925,WARNING,MEDIUM
49.28163344474991,34.083731225805295,27.47885143524386,58.18263170801666,104.60901343102555,12.288559383983019,12.73819605370596,NORMAL,HIGH
37.41691731558629,18.599753549724557,101.08320990127127,59.22606774679333,114.46817040402044,1.9937901106985794,65.88482190459942,WARNING,HIGH
28.618249880031634,16.88398039257102,63.36343134434906,27.488669370257,103.90703176048682,12.183791842286157,66.40761890452727,NORMAL,HIGH
40.02957950293651,11.343574606074483,92.09205003468529,38.317257842358146,89.04376809801275,8.556866791791014,69.50044473633677,NORMAL,MEDIUM
55.3097720359349,37.964601819539155,12.20527204620345,57.114461733606106,70.4612707578758,1.9402409875035436,63.28764787310899,NORMAL,LOW
28.597683803658473,13.036117517178592,105.2759783925095,26.97002058365575,73.0769312808593,4.559494351765562,12.74649470714869,WARNING,HIGH
46.64046433742357,11.906569385366211,20.66566441393062,87.67508292129251,120.81797009687291,6.761937261404378,47.4769926941101,NORMAL,MEDIUM
28.318861724734223,28.59406177886663,94.52531804008296,47.390716033389886,97.69430869693015,5.98499719662122,22.184691682906994,NORMAL,MEDIUM
21.99023232128238,34.722661395589235,38.376504751644426,96.73713781138468,91.83793497328269,8.569174416974446,59.646433937099616,WARNING,LOW
58.89120392907966,18.798754802435145,109.43232105279272,34.480320798281,110.02774596323748,14.445915184324363,46.04092624466751,WARNING,CRITICAL
47.728215654297415,44.309288660687095,96.97967949839622,29.582088945900217,63.588838609003965,2.7880679354336846,18.500278120039308,NORMAL,MEDIUM
21.8653455175265,15.429291759959888,25.029753275757802,86.18510448130914,105.84439127851272,12.16258555174479,12.098257402497431,NORMAL,HIGH
54.796918302385926,31.721468965710503,35.87819655706854,93.88787602858359,124.16160794431472,5.00565770460092,10.647335690364228,NORMAL,MEDIUM
32.19879442497112,40.25878601086461,29.9690599222706,25.05548794448419,111.08623125528527,2.4229650524251154,55.002917019601995,NORMAL,MEDIUM
33.07876014880069,21.269039501933037,41.961098493029695,26.09537150764205,74.51918867979653,0.8025866542425147,32.940894028027536,NORMAL,MEDIUM
49.5916252788933,11.064506712397119,115.92979852390411,79.86238215110998,103.09675709019581,3.8158962016584423,32.51817384418405,NORMAL,MEDIUM
8.406804989879877,32.670971329891245,100.3821675542896,44.86994705059552,111.09733655636131,4.735348753757063,98.48600417432296,NORMAL,MEDIUM
19.956532668768027,18.734332337938795,13.179933119094711,63.420212818908404,113.3127697303623,12.90446899472823,87.56483578685928,NORMAL,MEDIUM
27.73411020025368,12.326906267289445,88.96921696500924,82.27102985806985,101.65030786512611,12.560522168031838,76.14324758066319,NORMAL,HIGH
53.2976781909782,28.450990546251255,93.22450629741246,58.476912921844885,115.01216174787197,9.263747799545603,56.93206011122129,NORMAL,HIGH
7.773414224320556,22.748984191752825,35.13635695347231,82.27838292540227,79.54808953318526,4.8652530108824275,69.88775158527613,WARNING,LOW
14.446971740736345,10.235080923174035,57.82446123967972,81.91483771591156,101.15994470880875,8.894997544397224,81.89986353674243,NORMAL,MEDIUM
5.498680938562537,38.027635257431115,25.84851641415178,88.26513431789492,108.49843287229265,8.996187251289486,18.654147330913887,WARNING,MEDIUM
21.42180168333384,28.7217944925468,21.00546319853278,80.35534662944897,120.19724295945099,12.091016063211624,62.62576853668696,NORMAL,MEDIUM
58.057848688431626,29.963329747753985,118.78077428428047,29.937377195398163,83.27664165998873,4.3652097300085195,68.04457208599241,NORMAL,MEDIUM
59.97227584938567,13.17646342997309,58.82416649761412,54.35830631462834,107.3442484359628,7.133100824062845,93.26205302196551,NORMAL,MEDIUM
28.65282562901399,32.806031456514766,11.4623965118826,90.20456870982692,129.25413402628052,5.868325248232496,53.86422821951444,NORMAL,LOW
46.78590164832407,15.897693767559332,98.24664708311832,92.72085891496565,106.1214257828711,4.249106027404309,64.94642095908472,NORMAL,MEDIUM
19.04128432370108,24.3060826338276,92.83435322279811,74.78758040398894,62.662939280976126,11.701861902711398,32.363634029887685,NORMAL,MEDIUM
56.5629401897322,49.95667703079063,85.87527700454095,45.18113234793276,83.45512536929562,3.8228681653838796,56.105269506484575,WARNING,HIGH
30.43489740991307,34.26288895940835,49.89984491686284,86.99562797995664,113.57108121064581,10.744824751731539,59.38048840719028,WARNING,MEDIUM
14.717748800210076,24.0279070612579,119.81622434882031,56.15591558291564,117.35805266036394,13.15163704947748,46.60144243758638,WARNING,HIGH
9.841899521784633,17.475011457577846,98.21359020106588,78.10021256167288,65.50842847822678,11.736181543517562,79.29039367132958,WARNING,HIGH
47.5914762137165,24.623926296632497,106.37422934161135,62.60865195234565,122.75544892528568,2.656839013250126,70.325835678138,NORMAL,MEDIUM
8.480429434758976,36.61335503233531,68.41471411717802,40.68332010007575,99.88563833845011,10.737502002445838,52.18798267214053,WARNING,HIGH
37.574466652938796,26.497367380802224,14.782200585664693,20.144873071012608,87.7853928296022,12.154067857433542,87.37595707009493,NORMAL,MEDIUM
12.939854937390315,47.29707777119423,114.07791152699077,54.09650365173444,86.15634269316513,14.159088064553734,64.10180451378524,NORMAL,MEDIUM
54.09478497574074,41.309810473227834,86.70517402888144,32.90881746968202,87.83643663113924,8.845316434140132,41.20502860599139,NORMAL,MEDIUM
59.9067000500096,49.34889552790557,27.487454764097464,31.617262983645837,129.9665295189483,10.097748622813018,27.514134855009008,NORMAL,HIGH
43.26479265786541,18.70813770847663,16.781493072123684,79.26569487900693,88.66340978592972,2.8458757402871586,55.4929569413721,WARNING,MEDIUM
36.85537208019674,24.78679062620184,80.89473822797181,69.08549698225802,76.88307234288911,8.051276491541264,53.15109647878433,WARNING,HIGH
43.63808517686551,13.871972243778687,101.32961774477337,66.25948104151108,103.8805925351547,3.8896027701705864,49.30502875824019,NORMAL,MEDIUM
55.90132913474677,38.602579629098685,11.632173913112556,63.291334148918885,94.03834066435192,1.445334003832481,95.87416792147957,NORMAL,LOW
56.18763465062724,33.51821680347051,49.57481932088809,33.78926379641872,89.46206359210305,0.4604558644864237,16.681423062214094,WARNING,HIGH
38.86438350106393,41.58956828349568,82.48705507566729,27.179724598056147,68.71864139725463,10.998488537962391,23.955005931023138,NORMAL,MEDIUM
52.22520888705983,44.80576308817977,64.04076261127373,86.52604427232808,103.99951525997918,7.475917943104926,30.158470043725597,WARNING,MEDIUM
29.225401255005526,19.259677573635848,68.22620727091669,41.426377281736116,71.18561373168345,7.723837661653789,19.646291546591954,WARNING,HIGH
33.89108177501399,43.828855872522325,22.608092900983436,40.12686516724656,86.3665272125098,3.9697828512334175,13.291452851005861,WARNING,MEDIUM
59.197056615524254,11.587714211585105,57.97077378528516,83.02796810798392,94.2570904035073,2.389051466197457,94.6186455239359,WARNING,MEDIUM
40.03820832722089,29.416755233149765,31.022221924109278,44.64102963400818,102.14162252212691,8.001558443890872,57.45403483000173,NORMAL,MEDIUM
49.35373128002236,37.50547217490812,18.208101003230322,69.10627076382335,83.95344613511891,2.3811528672699165,34.42241787440239,WARNING,MEDIUM
13.48127659498203,14.301342285656272,105.09391613963312,44.37537627463598,105.30189912046094,9.817776655482058,17.623889193482444,WARNING,CRITICAL
49.93298343015246,47.12944030453154,15.170391972631753,54.22875473234008,115.90932921763067,2.2707180039074575,53.62870896754352,NORMAL,MEDIUM
7.8810699705544724,30.24134613415957,59.06051937432746,84.03374399018728,66.6088426362071,12.568246155830675,21.579763669557067,NORMAL,MEDIUM
31.578734905676068,33.549015570841405,29.381337544518917,67.84116094313883,97.66225412291648,5.525878996538862,19.635311086904117,NORMAL,LOW
23.544614369747098,21.270223777452472,51.853032520489556,33.86362968572146,128.24044899007717,10.858512765677037,67.31155422690875,NORMAL,HIGH
59.35195483742038,38.748874978675175,48.57457645914669,64.32571374702346,94.50974390999261,13.963644965031836,59.121184357375604,NORMAL,MEDIUM
54.115245776015364,31.147566836999335,80.48087961698468,67.03354595125052,81.62542627466624,7.094703053198511,77.60759062368334,WARNING,HIGH
7.077799575482338,45.487091296417454,17.358801992565635,98.17511258862146,124.51496681774442,11.020700208028893,57.957025986666096,NORMAL,MEDIUM
6.449213918925993,34.35535917835654,46.81328120952717,95.45567454894172,63.49002876354996,9.01602089759417,39.2281712279794,NORMAL,LOW
31.213775248150164,14.118307820592428,87.96558470110423,84.45474919936188,67.1159782670918,11.408500496510676,87.57992485622833,NORMAL,HIGH
17.383416453741468,18.053344633854614,96.48119567803383,20.467784413091266,106.259775744043,12.692310680554268,32.44728058056868,WARNING,HIGH
23.18155717009104,31.991029258247906,117.3108656556898,90.464012789445,66.1091990098223,1.146622464606919,90.57748988455748,WARNING,MEDIUM
14.059603458360527,41.803903798220425,30.901614933989357,80.7511718955774,97.2789191973929,12.188302680176504,40.83855012473148,WARNING,MEDIUM
46.14029746694235,43.45757167242427,35.19487215952438,85.53719221915367,115.66735743386772,9.910262795280627,98.53836976981458,NORMAL,MEDIUM
30.555135080345337,16.580596844123342,31.29153585642072,59.96345466411892,117.19525215724197,3.023878056524065,22.87794485767435,WARNING,HIGH
33.06042963421369,21.54839269413135,88.74170594287908,27.18196703041997,122.26024681937841,3.8861661748310987,54.22171414821441,NORMAL,MEDIUM
55.280172030125556,21.02827853893052,16.8407807515911,44.0019842089433,105.55229745623737,12.62849851793738,18.422773329736515,NORMAL,HIGH
58.76122501151254,21.47767884633549,43.11736869164257,26.137125657428626,121.55587017718656,13.926397361295347,53.54915383073035,WARNING,CRITICAL
13.84392016491936,25.093498408868747,69.81366844313015,88.9605463093294,119.53399275653182,6.38603766965058,27.34925146893623,NORMAL,MEDIUM
35.9823540373485,18.453652314318347,69.66329688845684,75.57100441881246,61.06818833261527,9.260910727435567,80.21543600273414,WARNING,HIGH
23.600404302474967,14.029333268065493,107.47764274165641,81.07594713457138,69.54430230224298,5.106091720602304,87.113847611229,WARNING,HIGH
10.714077268217391,30.200781573510532,45.82127940777511,63.76674606613296,95.18664580407915,0.716542834987155,51.244024990013614,NORMAL,LOW
49.28740216510127,35.01909810415799,46.74032446565326,95.92295021344863,117.6716486510044,9.723275710736464,63.430309414576044,WARNING,HIGH
51.77889239124143,33.71108062410507,95.7652388683374,65.96686865712626,113.02833390592632,14.753834798318955,81.68926008292037,NORMAL,HIGH
16.71661165818321,22.8176873900517,68.55982823606897,24.388093291440818,84.0149858686999,14.685235437398214,92.50446392902546,NORMAL,MEDIUM
20.450569611801967,40.48842186027812,95.69865027114804,20.424688799987265,70.22832305057997,7.775536643064528,76.62365412980657,NORMAL,LOW
9.467538820521243,12.529990501051591,62.15985349654266,65.05388591349333,87.08188338451569,10.049793277783534,15.743085447705905,WARNING,MEDIUM
17.73681102704485,30.463436321622353,35.83751382954766,75.36292340930137,115.27922101188905,2.8846960294566557,50.01711884715261,NORMAL,LOW
17.021018860259748,48.46815747481902,59.37355891815606,28.466298747434138,100.68518392856697,3.304779619298916,48.528458263670785,NORMAL,MEDIUM
44.002103470342085,19.516255611755092,79.88984020838569,93.156217229205,109.23332212789609,14.34486127005213,62.425339060415226,NORMAL,MEDIUM
57.21485769738647,38.35122027649634,83.23573089810729,75.8525895767654,94.30227899978604,5.073142448858638,31.00814590323394,NORMAL,MEDIUM
24.12023448473293,29.118335408564686,44.616447816770176,26.56272949731786,60.23995463538009,13.652096380964695,52.63881831867228,NORMAL,MEDIUM
43.840311106804755,34.852603300287996,87.70808810902881,60.088908920395035,83.87256906799337,3.372382728717342,16.266595327290528,NORMAL,MEDIUM
43.656758115293336,30.129732607643245,23.38353133422836,70.33892046364414,101.34955126037724,0.021516986946510386,49.94369363768374,NORMAL,MEDIUM
12.537580121416413,41.94535752529343,111.78442828326843,99.32115025024852,60.91331799361764,6.363973421823639,93.6439298920633,WARNING,MEDIUM
5.254571395291107,27.954021963712382,26.335329552261083,86.06532095965483,78.6520392515333,3.2998558233791426,40.998248156587096,NORMAL,LOW
16.472062258495527,23.74887087253903,74.63569864524054,52.867727475356375,66.8180087264802,2.196615045540958,80.00316803280269,WARNING,MEDIUM
26.83296055507389,36.032404708091335,115.76872178958386,62.46348705429402,102.69859567875886,8.217660738595011,40.756461394013165,NORMAL,MEDIUM
10.71615232831397,27.88937124279903,40.09862820302986,33.63340884230284,127.26330943090564,13.825684553062374,13.15545033184488,WARNING,CRITICAL
56.82774128207761,31.28722535646085,37.67279319382442,91.1077713436452,94.92052872555101,3.480106523476578,62.893481935275275,WARNING,MEDIUM
21.396895879811222,35.55336869303449,96.29128730885178,98.91245735398324,93.84957403274062,6.787326126218662,88.83853423862665,WARNING,LOW
46.60278690289342,31.562833787719214,65.18308206363866,28.19437988251299,114.35072914101144,12.036045167629588,31.306164892861336,WARNING,CRITICAL
33.810374614201024,30.76692933694099,32.23424111808,43.71420695882307,78.24422192600616,13.392942056806419,11.59963159070336,NORMAL,MEDIUM
29.051233565192078,19.237273660039275,106.60224626984032,38.525022476918636,86.5983111653775,1.5939746423058698,93.98472257929656,NORMAL,MEDIUM
25.24065916457023,28.26154713881732,64.34001182697654,69.76550443061015,120.21064974032402,11.301154492255815,73.31718782436556,NORMAL,MEDIUM
30.338795018825515,26.981935580086084,46.34463143026586,47.44477456375704,66.55630973226779,6.301299338817918,66.87209724874998,NORMAL,LOW
41.45331604181081,32.03150337712255,69.71752941909429,65.00420175124887,116.21180554407894,11.608965771426627,91.18928516706876,NORMAL,HIGH
55.64661667406408,29.54608849762667,75.43210929932606,97.06860419199926,83.20916591280043,12.739102153583746,87.54380060107631,WARNING,HIGH
25.116024067731963,16.182259207247363,21.397461109818046,93.99241927596424,63.98965373408744,12.73979349970514,92.56362130608939,NORMAL,MEDIUM
33.43646107724118,43.28847565858438,11.840009084103935,65.61411938120234,109.58322294422115,7.051182097134627,67.01926654446271,NORMAL,LOW
23.95453014511993,12.004439840007821,91.13538684762578,89.640729169401,76.26107426528836,4.83327479395237,10.422477220597726,NORMAL,MEDIUM
28.688651288148293,13.789495947360525,42.34654293835949,62.534743684813485,98.59329895429764,10.781607697019176,14.373821486205632,NORMAL,MEDIUM
5.6623228305084154,46.76520204729123,84.67835111564358,20.04118633537516,62.21904261177913,3.4865389510247082,91.50392599837679,NORMAL,LOW
59.96377149972368,16.035559221167205,69.87421344826787,87.6289384588768,81.73082023513257,0.149534443281214,48.06604205394734,NORMAL,LOW
21.81506761231656,25.100093701836343,78.58169102328476,68.41723790422424,70.18693380418091,13.357721231947263,71.01348957010231,NORMAL,MEDIUM
49.48334875995629,11.946154344547871,40.33662580218078,91.56189192312242,68.94299817251843,6.522198281881058,74.47038243940902,NORMAL,LOW
30.05318450885877,28.975620017395688,75.65431630001603,37.59154200838576,64.04633186083149,10.52987451272009,10.836150127234296,NORMAL,HIGH
10.436621509353031,36.930775017785976,30.641830059841322,88.65246939276985,110.47403884433325,10.596754638744258,96.70291273609885,WARNING,MEDIUM
10.550440763441332,30.758969307105186,84.34009386492826,79.24643916904341,70.95758262651216,13.280373604176809,97.45391755739102,NORMAL,MEDIUM
53.8637104009603,27.582790592305173,92.94134533451813,33.62596189990742,98.44023317405038,8.225903593643602,18.641087698946848,NORMAL,MEDIUM
19.481902070100098,30.18230188630762,10.323765661199642,81.18909043709864,78.84010823199878,0.6575514605867944,70.56286787724746,NORMAL,LOW
52.02226106722062,19.25837690454962,64.64955398251853,32.780789872086864,99.0294333832279,6.279600963188329,20.476984189119918,WARNING,HIGH
16.490568883429262,10.212281889923265,18.359642491137244,92.96514982568776,62.16540948009642,2.330566007294512,97.75581936128538,WARNING,MEDIUM
42.76333038452051,48.85505776141086,89.74858447365068,62.07463312634055,98.23019632593076,7.018553686350675,20.788146285111345,NORMAL,MEDIUM
51.57745391191666,15.935731977438262,48.31573457002834,86.54709038930616,71.62857760142641,7.8819357245437836,82.52083551860795,NORMAL,LOW
33.576928363658496,15.28089113246686,16.131454307622654,30.09558760454236,75.64848611762311,5.592208887358284,23.251998272547198,WARNING,MEDIUM
47.74654356887077,45.31991315302172,49.5568611960526,42.93755681394789,101.74826381219825,5.4939654453240925,92.46192428538488,WARNING,HIGH
40.69435207123919,11.137118590951856,58.627396559913414,78.06752795360288,79.71384789825157,4.120502550362986,46.219145756906144,NORMAL,LOW
10.336738489602094,31.7523714278987,42.758951833147826,59.84848480685224,103.23133939451458,0.5918669227736062,65.41238298816616,NORMAL,LOW
18.38632274802893,44.49376020588119,46.657225703130315,31.577059060928594,65.41173328883272,11.5587561491165,32.45764342841707,NORMAL,MEDIUM
40.4453254653762,18.62726590575809,72.90913140634389,98.34274146395812,65.80456807077307,8.609981764461512,99.10599835890321,NORMAL,LOW
54.79170774069629,16.486388652120922,40.20685079389881,60.07932053143895,102.34219698173803,12.3152261103446,91.79995899815496,NORMAL,MEDIUM
50.14070896331488,17.485175803367973,117.24375553234529,38.36778110695061,98.13585276540095,6.949142887880325,50.011333594073754,NORMAL,MEDIUM
13.630170266079501,31.990930146294918,62.274251275280626,56.29941825333967,112.85136795611649,12.567377109735897,98.26066099077377,NORMAL,MEDIUM
53.35030269366898,31.384374347887523,19.70223565137347,85.97686386817286,73.79016684644574,0.298637558765632,12.294954556310715,WARNING,MEDIUM
23.708015831379207,18.548918574324706,98.90018137386424,61.219691545303625,92.73984901148386,11.653495252239729,21.939130703179757,NORMAL,HIGH
47.96131479303878,40.81600446185401,41.53041974434328,87.62331429686242,111.67874713075672,6.22972999603586,22.114492001896807,NORMAL,MEDIUM
55.18206604644267,48.43143980005732,85.12906226963656,38.2571924535653,126.87442114581725,1.2567928429876374,29.198435932975617,NORMAL,HIGH
40.073309550460515,28.533958320072625,44.85898706392548,67.53720259613516,109.33673332872371,6.594146614199861,91.84180098996484,NORMAL,MEDIUM
32.78081150627528,44.304948851033714,102.41930961567918,68.63712899483889,110.79276428215123,3.191994780878793,18.459259950433072,NORMAL,MEDIUM
9.952590621175212,33.466745681300296,101.82386297800308,60.414665264233506,101.00461865824077,11.695154591764327,64.55836342104723,NORMAL,MEDIUM
56.95340654475813,14.227719412650458,103.17177824687374,71.87723241266414,129.645744283544,2.709208359315972,17.22773940323977,NORMAL,HIGH
31.793273406389286,39.58544103570892,60.01006257002497,85.78994383438493,65.52014406693289,2.9272145163134167,27.558716521961003,NORMAL,LOW
40.58932309244943,44.17841798706431,86.23394738172132,50.706183913688506,98.27081394201996,6.542720080295235,37.9565987742286,NORMAL,LOW
40.52771179591623,12.039690071837104,21.934640557930095,57.73264489459652,90.21308241656922,13.646234659862213,39.31227536577117,WARNING,HIGH
30.44811080355837,13.03356730704035,70.58276528948227,56.05898046138533,106.90839739534985,0.1646067017699332,14.431633763821985,NORMAL,HIGH
22.58825317593191,16.23501512512433,78.8401902160658,97.60284664584839,76.47010055111917,7.554206279688972,12.827704817792744,NORMAL,MEDIUM
59.09902697919923,17.83351483954434,77.93748215670684,48.159366535557446,72.93556707691577,4.495977899873629,80.2988180349783,WARNING,HIGH
30.902041360014792,49.78473134307632,36.68456953441037,36.57673379821807,112.0712451672124,8.373397096695179,25.908730159488883,WARNING,HIGH
47.90146011939414,31.227542054740173,34.62441317102464,20.589302619226892,102.42114472612522,9.597569744475017,32.81495866231867,NORMAL,HIGH
23.24880447792056,34.14954663932295,110.68371143015929,54.56827994126635,102.16003203293079,9.680368825033346,63.12775335532017,NORMAL,MEDIUM
31.114091805363223,47.968690947595,88.40493923542155,41.352957429913985,111.40726825130116,13.418542418286838,84.27889739880689,NORMAL,MEDIUM
55.594487344602356,39.11528091491762,84.1965056524786,27.486067184013592,115.63633104899253,7.379652649728837,10.997465168579243,WARNING,CRITICAL
32.405933627075555,24.014601975931875,86.3744901396919,68.39707227985019,125.35569158085987,4.801561685438936,22.372389185674542,WARNING,CRITICAL
27.90240068613641,44.25467505295377,66.62023982491371,25.97119191143961,70.31871056500017,0.8020369371243324,30.087882391699466,NORMAL,LOW
13.176637129667423,19.905244333858576,114.32016538948872,77.95788569815085,81.98061797108402,7.304066106510019,57.060921969834936,WARNING,MEDIUM
26.283354278947176,35.4277125417214,69.19443977119889,90.8669750526221,102.38801468685563,4.135109012399647,98.61766426205058,NORMAL,LOW
12.091647288296844,35.267383782401936,15.542032338535144,86.18042401444558,79.85116857527099,3.936276490596138,73.11234078961144,NORMAL,LOW
38.62384812729253,39.562907570018254,78.29895096188262,54.22561358622868,86.30721708668425,12.98632684537191,98.41989403340725,WARNING,HIGH
46.95692815551083,29.415268894851458,105.17569311802363,69.6042630764812,60.75486674259295,7.650869024237588,55.10636811511061,NORMAL,MEDIUM
14.628688033219706,16.503428738134968,71.691004499881,48.00406170099359,64.08158639411685,13.232180704384213,51.68118938260522,WARNING,HIGH
55.93371591098886,29.624303121169735,96.87225104113617,85.08913945007083,65.15119082238972,5.279067399339909,44.132599527547484,NORMAL,MEDIUM
59.88137701453845,49.08138695960733,84.72998150454401,77.8620430145543,74.69807681760591,13.743272842248675,86.74426167627742,WARNING,CRITICAL
15.580808641855073,39.31825681135928,62.62980223670953,28.628174237215774,76.36192877891685,2.3359883619374404,83.54794477971008,NORMAL,LOW
13.318237612040253,44.30654702922091,98.4358084073217,92.68174744267253,73.16324978765637,13.790718529921262,69.27565121388588,WARNING,HIGH
34.58120746863319,45.70392180608013,19.146618749989667,75.57434362461902,121.84546585903723,2.4402337947036794,66.64881705986062,WARNING,MEDIUM
26.75196519020914,26.6654296740128,52.60549470575631,70.05897047175534,112.94089089980044,12.524951588293142,18.188242534692215,NORMAL,HIGH
33.276200517571084,32.74621190489459,24.33911590263364,77.25575476632609,75.6722320591638,10.680464451768804,67.48855653546114,NORMAL,MEDIUM
31.475156877507732,34.115152632321184,91.65386746493833,88.2030497236207,117.52055147212563,6.391109473966233,51.79963515103291,NORMAL,MEDIUM
25.555329371599445,38.85706173966888,23.183135494703375,91.72659948118616,112.50998747640898,1.0254097125020856,83.28334601148666,NORMAL,LOW
18.45326470613049,42.00218450975544,110.11413376316689,41.20797398066635,96.82509720900373,0.7104212187039116,78.05222670365673,WARNING,MEDIUM
33.974318435410325,33.01872807795898,87.49597992839345,74.6920376857999,101.04000513633122,6.071357645315729,52.53922779084395,WARNING,HIGH
19.063249493443244,38.25075140792297,84.77318167978903,68.86318902002998,103.16088165118074,13.497521668782323,85.71419854270508,WARNING,HIGH
44.4261325664955,17.12837645635745,33.60980220813988,87.3523692702704,80.53481443101285,10.317920493655523,87.55026081500361,NORMAL,MEDIUM
35.6302121267329,25.637171798068632,66.31809828583908,36.45643254755335,117.75783568882676,11.795156254631445,26.80870733833949,NORMAL,CRITICAL
43.8120775489935,20.45546968945473,113.51778860882405,22.189458202395464,62.07814242923734,7.201684323991465,26.6096375809306,NORMAL,MEDIUM
31.94466559606455,31.47536412577665,114.2405743292603,70.9329988365292,85.83441661276183,10.609355480729013,74.44488180618707,NORMAL,HIGH
12.708086018083266,28.702645196473206,105.6177374385266,43.26424800143193,62.6389926150626,11.975751747863274,32.51708011676219,NORMAL,MEDIUM
55.53014231707628,15.620359362608816,14.251547632439637,53.463280631006505,70.26690715295393,9.07236996709737,57.52508131684078,NORMAL,MEDIUM
53.881300442109065,18.531920565626375,67.00090157089173,92.94618014139309,61.696195316445824,9.02758715475186,56.986790791908945,NORMAL,MEDIUM
23.764442511088216,28.04687629656135,54.86537433682931,62.57737282568395,90.96276376554698,7.600980559838042,20.088424236815797,NORMAL,LOW
36.438916222847816,19.022959181379488,112.47250679010479,70.66493081066253,101.79429122624961,8.593737319298315,86.5355042247435,NORMAL,MEDIUM
57.98563019227519,24.21793016787239,116.20951964134414,20.419412727486375,77.7588055834724,7.9674106157445745,71.13637304953849,NORMAL,MEDIUM
52.814641780500914,34.469213768307654,31.019080890969402,23.516514142712435,115.97848872299356,2.4378066306054795,26.373312752882782,WARNING,CRITICAL
14.914680435738992,15.094043234233286,75.22098120751805,50.456439167908385,87.46672507265758,4.6914088085659404,12.396296298257518,NORMAL,MEDIUM
38.29244828748499,42.71733749799057,85.74700699582453,21.122062957883905,108.56380728826116,11.28848012859389,94.36240144367028,NORMAL,MEDIUM
17.53084164318519,18.100015227723926,112.53060884980344,83.72904288470156,68.89004618691122,11.73609190631774,38.073986406372725,NORMAL,MEDIUM
15.738457542930568,23.943924773724177,37.62322645203907,69.55313676769701,66.17037054634909,7.547708045780961,38.76451086620323,WARNING,LOW
29.19542360065941,17.92991932843613,15.8960963530021,67.31475086708475,72.49374497264014,0.5839583583831143,27.1161752297134,WARNING,MEDIUM
22.356159781830424,30.052970131195877,62.64288394035217,70.5529121077268,73.72480103941821,7.82045190234112,68.22842614744103,NORMAL,LOW
46.77584644875408,24.079543990111837,13.987911441130155,68.53602104664415,121.60687513329069,7.445489220477798,15.6508834212084,WARNING,HIGH
37.613809755144054,20.768707396757343,58.33329753569787,45.29684896767523,72.8467952731848,7.266995049740986,79.03774273723171,NORMAL,MEDIUM
43.80656652607498,36.0795004406434,92.71029573526124,38.334183969863005,92.93619978623809,2.4132966709144954,93.06265366169139,NORMAL,MEDIUM
38.82555377104367,42.915449094832894,14.093085326926257,41.462726286464104,127.67159739317708,6.457839357387499,46.410295233601374,NORMAL,LOW
8.588050549516801,11.429683833993165,22.994508467276177,29.567483538694546,78.81722494366431,13.76149660255546,46.622783158270806,NORMAL,LOW
14.615303453344008,35.93561810760534,69.34592080608115,60.209997351729214,116.82875256054392,14.829020604239554,41.513392443500635,NORMAL,MEDIUM
7.54607387055452,32.66363694452166,10.20505725333707,86.21846950813153,101.41333881136377,13.916090434883701,82.35786427690584,WARNING,MEDIUM
43.40383004695812,24.564876629168495,25.895663242880385,22.163076563855437,74.95356607583805,1.4384748567569257,54.08557578893405,NORMAL,MEDIUM
24.430926460720187,42.06656384400974,50.33835106512324,66.80490329983438,66.0105151416539,7.60647645962126,33.14598703622066,NORMAL,LOW
59.31330424425541,47.25924557498156,101.70887655794867,97.00457176852073,93.66869494560927,4.316013521358919,64.90786643863338,NORMAL,MEDIUM
31.578039175363347,41.689189536664706,80.4429481663122,64.80804458146096,120.7020843641618,1.157521682590887,77.60675041641865,NORMAL,MEDIUM
51.93445137024887,24.065718805427586,76.7879551082366,46.496215721736675,106.52371347414095,6.151226053116634,17.700238182220183,NORMAL,HIGH
38.935032105676015,14.476539873370458,12.816870121874967,84.51933951116943,103.90127852018549,6.481668209901753,68.1437591787899,NORMAL,MEDIUM
56.124660968546486,43.223069993160365,21.43033646968345,99.81482812717017,121.09075054075979,4.010508251942872,74.65909258289877,NORMAL,MEDIUM
20.903727143115574,15.307142259882895,118.06631698793365,74.02269643639808,119.32001214180795,5.780892645505224,30.114791986920302,WARNING,HIGH
59.35352499979582,47.08977883995394,78.35995226788734,44.2083954497422,72.88177903168292,8.979063540697672,29.53405425909779,NORMAL,MEDIUM
14.753717620422934,28.605797359392273,25.792047877554225,33.10729791040139,63.62174023844739,14.018830528533133,98.82054361510336,WARNING,MEDIUM
58.994066381935404,44.177432892994325,84.70974932283156,20.647656558754175,84.6912657060244,12.851139620890603,29.203093789618556,NORMAL,HIGH
43.59816533888001,12.788951884150976,61.7505540809454,23.736068251247744,76.56857700199959,2.528699812672559,99.33114224297071,NORMAL,MEDIUM
26.568581310664634,19.16220877640582,83.9445385805897,96.5688270356119,114.32729490424306,13.680136241587439,74.3399938260265,NORMAL,MEDIUM
6.67024872174399,44.11064214092284,110.75427120548818,82.03983694615158,94.79060440118475,14.083433682908396,67.82481800635803,NORMAL,MEDIUM
57.31786367304271,11.011073675088818,61.02464975193651,40.090540935554586,119.49965598516847,8.654256484487426,94.91849433823405,WARNING,HIGH
31.02683003311733,35.922945706564455,114.56347574097315,76.88264130210422,81.12503763068165,7.742549273283906,27.11595363049063,NORMAL,MEDIUM
11.18398367256722,31.468341397824638,83.67803038036192,39.40775112755705,114.07744133538013,11.032257283847006,82.41233117091919,NORMAL,MEDIUM
47.18460501388188,19.354470427252835,11.7585049316309,99.27759302694272,108.07881868882973,8.772646052259212,96.75864425473132,NORMAL,MEDIUM
49.54318366484491,28.586891040525835,53.72228610376886,43.68245441337221,93.42958016585871,1.5285632407193894,96.41071993333212,NORMAL,MEDIUM
56.65889699450928,37.4391235705785,86.04413651909718,86.05114861268535,62.286658797042925,13.09502366977673,78.4353216274186,NORMAL,MEDIUM
58.06998090742046,46.53490423179814,74.78543139280129,93.6172423461462,107.23188051014421,2.607808679060085,61.891809210301396,NORMAL,MEDIUM
33.84593402091862,46.910098861078346,43.00179287971502,48.36077339005095,129.9263977004765,13.053993810490264,72.77319195282575,NORMAL,MEDIUM
27.71844952824309,33.33365065790183,61.324504462777305,49.99500583660964,129.7800086007291,2.521200080771085,54.11466655788961,WARNING,MEDIUM
32.0938690649468,22.380992556659493,88.97441377052903,44.97093064634994,121.93638893584983,13.833957054843633,17.50594936606434,NORMAL,CRITICAL
43.93009392838427,35.25552952733134,94.0348757208174,37.34387741939571,72.01687753731849,0.14235534010062334,62.892523501796155,WARNING,HIGH
7.970076998636259,44.58413329510375,50.64437902685078,71.63160702077676,104.12763516310324,2.8715938516460633,58.42868215174412,NORMAL,LOW
30.743635033391698,13.99096656656206,10.43252924225332,28.007882894808425,65.82070102213214,11.864931517219029,35.631220471310556,NORMAL,MEDIUM
35.912879600627534,16.67077397899645,41.2535022756197,41.48567464348066,110.18957980403376,11.962703707863069,13.987074018329245,WARNING,CRITICAL
53.019266700464975,22.582752416224416,93.7324068153512,58.935148833785796,105.50158359722357,13.56791272990673,87.29356947916835,NORMAL,HIGH
43.20780023137607,12.442034742417988,60.72919111363753,68.29263495848795,112.77334744703592,2.0243788924298793,77.66325696271777,WARNING,MEDIUM
12.524640565964745,19.508178305854717,109.60360754790022,26.230615113142566,61.10401572756199,4.96617689666337,38.03969874673059,NORMAL,LOW
54.65603405893594,42.384054240601415,69.76646963457532,90.9624599160187,74.85206494630683,11.305718661965246,70.27223121404754,WARNING,HIGH
47.65385537458452,23.95376839864126,41.94342407600473,69.0421356201277,112.59668612010377,12.453298576285228,38.96368393990356,NORMAL,MEDIUM
19.135554968483127,12.424379464728258,36.955946665100555,76.79623212775115,112.6248263830245,3.8145956001673555,34.315167577514536,NORMAL,MEDIUM
46.18529282181006,12.310123743288583,37.352831326812435,65.67623225675977,81.04692115512776,13.198673769071124,69.02221984556235,NORMAL,MEDIUM
22.993072051546715,22.71741766520108,110.78667141500824,22.32781701089456,125.9264939791184,4.04252176463572,38.63856322601119,WARNING,HIGH
45.01946347113273,34.247775509143395,114.7059589891509,82.33746464909018,94.27048343055242,4.599320090657236,46.041226347287186,NORMAL,MEDIUM
19.996676687058727,27.379881973106976,56.50686264715506,79.11357100495212,101.8974679790839,12.630780077824141,88.91376415284302,NORMAL,MEDIUM
15.376664375995222,41.03732054354553,50.24591063802446,66.18873937642672,110.84501072151318,4.583140697345259,19.371624221121554,NORMAL,MEDIUM
25.967464803729705,18.345461818130605,47.175932480011504,78.5786162662616,98.41112725849138,4.1520891321827955,80.88259593404648,NORMAL,LOW
9.77071728640306,16.401373771818882,95.84772065324881,27.622702372358987,79.78041847575939,7.491683810017543,43.89089186973875,WARNING,MEDIUM
44.52485401846576,15.692917290310916,106.0550776678842,69.49625202986707,120.78543838899003,10.13847978149508,93.31833290029432,NORMAL,HIGH
15.627716049572097,19.742486755133484,92.92288276708,24.364095957090292,105.06112621754365,10.925248678587492,90.18023173123728,NORMAL,MEDIUM
51.27424195316417,11.974410462405531,116.39541538610492,89.90544444816183,69.42126386817,8.874978929732752,58.5583455464236,WARNING,HIGH
10.769081739672165,29.839543606410462,74.59455515599379,89.3652263575025,102.46090681506895,12.83802596900858,36.652499440587434,NORMAL,MEDIUM
20.258770536881904,21.720637841464065,72.16767978926592,66.71188863263612,128.2834259226106,5.302416145925703,53.79578361525161,NORMAL,MEDIUM
32.06147144267584,31.312299598313423,118.42296781014203,27.32864891409493,60.35933628419314,13.228816113002058,12.391452874010469,NORMAL,HIGH
45.03507568505711,48.489164119875724,21.57081088249647,91.57416889421152,125.21600819061887,8.980159462594406,16.083379347924947,NORMAL,MEDIUM
27.463449173081244,10.441692596207615,72.70712150578962,91.81159123999703,76.27386715728647,9.443545222557123,58.14230735453797,WARNING,HIGH
37.334080685898506,10.844665405533252,33.35166735366009,70.12843547913707,106.32723743788236,4.982336035053267,39.394390774555355,WARNING,MEDIUM
36.2681188649631,15.685684719103502,72.87041504333061,76.30017113714584,99.73466069426806,6.984617247365882,61.865995821680535,NORMAL,LOW
26.313366515237266,45.636278097511486,95.30432727845148,43.37758982506883,62.30249085949393,1.9301808513248848,32.9405498667456,NORMAL,LOW
30.505316909932873,43.46798139570871,96.91340197062642,88.1746606969968,71.63644214676026,8.181085150679412,11.780438173198874,WARNING,MEDIUM
24.170607257839333,40.30745077686445,86.80675416696155,35.52670230925719,64.19582554437065,5.3187265039829335,51.9065594052105,NORMAL,LOW
28.482476762906714,22.771745404993368,38.07393429324926,46.0502183990363,71.57011871019607,1.494125810309992,70.66525810825567,WARNING,MEDIUM
23.835591290571323,23.65501315418669,23.525418276192674,30.59539306867447,121.89865153214294,2.9654219841297143,69.34554922952938,NORMAL,MEDIUM
21.801784826210884,19.05348503733682,101.3073693598303,34.76512545118617,100.93277823564921,8.041281373961557,68.78220602649064,WARNING,HIGH
22.151524254499243,27.401453667571865,54.780584031678394,82.65113689701084,74.40618121324313,12.67070369907897,88.6764308153532,WARNING,MEDIUM
14.929022872853512,49.24950088744892,84.37785494446682,73.39010782156066,121.25417235700249,0.4061022176734208,20.706698779931802,NORMAL,MEDIUM
48.901271635319155,23.887792060210987,82.20777005035272,51.12710018712765,115.39377333731252,11.71196723874786,18.257599080882507,WARNING,CRITICAL
53.59869368865716,22.11620691407457,13.994192121397836,26.3179738276273,67.3623031207504,0.3983809261002791,40.22810427819064,NORMAL,LOW
59.96678332766384,43.4254602629156,10.316717855524812,25.09561532249635,92.38160010625369,7.999881519662612,65.26436629375924,NORMAL,LOW
38.072706565385424,23.952878405469484,107.67831582491299,48.14749929361787,87.94222919715418,7.83634212971882,99.01322596101696,NORMAL,MEDIUM
5.953281530650289,28.28629738788763,15.022982109540777,51.54535461604337,123.82136096795188,10.701344486153214,40.64596194310804,NORMAL,MEDIUM
37.21127371903325,39.04405303257268,15.266681157652945,59.77575731110193,85.63292991486607,7.850862170838461,64.28678341253294,NORMAL,LOW
48.45361148417537,40.56028104796739,80.43319815780448,84.85341808766165,83.24065844132998,13.675875502063526,68.08973449559139,NORMAL,MEDIUM
18.882481089543152,43.02908036513054,36.212853254757775,52.12198913498595,98.43384902044299,4.656226881563951,54.38619543257123,WARNING,LOW
10.574203829155739,13.189933507299592,13.274889576403545,64.55861403605678,62.11839130722161,9.351447357602664,68.74945388353464,NORMAL,LOW
34.16190498476145,36.6108249008039,18.044215074805994,37.67876923984112,108.98381558497238,3.0778174911472185,97.8211661848399,NORMAL,LOW
23.59881211797826,37.975242566035675,83.87352435067469,51.423758128797054,126.4348157315741,8.296335312152843,24.57867152375718,NORMAL,MEDIUM
6.984337435258833,44.30913202927189,48.7811798842263,37.15990878447034,85.95471706963474,10.01324553529951,43.604095450165865,NORMAL,MEDIUM
51.09570801137206,48.30015591578722,83.62201284129755,83.99931670425359,72.18468814306888,3.011241764002862,30.34074315380842,NORMAL,LOW
14.305679830879944,21.732619940086543,103.06276460970989,79.58630785432747,117.43887956029016,9.666436407914187,76.04872924346165,NORMAL,MEDIUM
46.61181214850455,40.618425680072676,77.9852266658671,61.52163304164603,69.02477916082978,9.138746247240631,48.83455880617403,NORMAL,HIGH
54.37581487710182,25.37148533764768,108.85398560799592,77.69583165384068,81.90741300883629,11.177075169647777,22.475942053819253,NORMAL,HIGH
53.80081541799002,15.611089855144321,71.50051414937994,82.79649696728629,106.31479576651344,13.24132453620391,73.15011174882642,WARNING,HIGH
11.163776873462034,43.34194974982231,68.0426198551155,85.18685806218284,109.81978198284432,5.145244873836764,39.113812687489954,NORMAL,LOW
17.01174981868284,47.799881353776584,39.753901525784414,32.036546152988095,117.79541199677189,1.1845581947417334,31.212713243575028,NORMAL,MEDIUM
23.100795673015362,10.251614003909939,60.864944185439604,79.2649968574589,100.74361720933354,8.069302591285906,71.5958460878735,WARNING,MEDIUM
50.89424282325908,11.67513067936142,49.37676375784441,54.74679669562968,114.65298808363384,13.411430650906178,59.2280866494202,NORMAL,MEDIUM
9.426206902664141,41.31714241370551,79.81047238879582,98.3723263625087,76.50898171452275,7.020331303905437,21.326101787252853,WARNING,MEDIUM
50.73021457695601,26.95452612275272,42.338245583047055,57.04935647617211,129.37497922640557,5.925942282515468,52.285227541056905,NORMAL,MEDIUM
24.748805705568163,44.13462988642527,104.68321081586599,43.5141163854381,76.23281889666934,9.722260950498832,60.55879986256441,NORMAL,MEDIUM
56.891873052750476,19.41453103268669,33.55793769433369,46.81748498737303,126.79430350838749,3.9474216683364576,80.18307740091807,NORMAL,MEDIUM
44.54498787267869,27.986066042154,30.790085807780137,50.37823852391946,113.72598144193843,14.602953603868794,19.834529543747486,NORMAL,HIGH
31.23348300157833,21.838567392603572,75.24771168668751,43.50381358403866,67.99243429849514,1.121292534260217,41.74031660115688,NORMAL,MEDIUM
5.533231015786666,35.06459823147357,29.564444705172367,33.54132306665382,77.19089621942751,9.916653476016306,60.99860447498837,NORMAL,LOW
43.12148790198898,12.810669313168525,50.30519657498407,98.4641552667511,93.34531021601816,3.984057001432355,35.824738246385266,NORMAL,LOW
7.9482408460819585,29.64352430126359,26.527421546710176,56.257605691706026,86.67767705944642,7.306748458969143,58.07905678789967,NORMAL,LOW
43.383980148510645,47.540998669807905,37.268022609008696,74.96313113300494,125.88350990975847,14.499422162272232,59.84069658745789,NORMAL,MEDIUM
33.51981028069147,10.458461782809994,13.980134248959182,83.51677044888439,83.15248264901487,3.561510090111497,10.62549143506511,WARNING,MEDIUM
48.35079990204993,37.044420565039445,97.65402609752745,84.35542195205508,107.31193228313424,0.33104497815691913,87.29926241166984,WARNING,HIGH
47.93828261807773,33.07741189791019,25.234907386851432,55.38050237474627,65.72846735365486,2.6914195408581243,97.32985278704282,WARNING,MEDIUM
21.61830493621248,30.93143970125378,40.281166549137815,52.638410119356955,120.49823394146298,9.277940135295133,91.13772000038166,NORMAL,MEDIUM
48.73931274216717,14.879327428746233,63.92663938139142,80.79952079674307,119.53319656257852,8.469433254555877,36.9591153832669,WARNING,MEDIUM
52.92865285947225,32.95596789968923,115.16498011496628,94.80657039907942,67.79460607620241,8.731442554872645,83.71550154349794,NORMAL,MEDIUM
50.90575906648994,37.05313722171174,72.78111876424748,92.46732336792876,128.60950808738943,10.577399668311378,54.75241063188559,NORMAL,MEDIUM
58.0208613160319,35.505558043160676,97.3091921036396,46.93672861960059,85.30008773829647,14.469643230775098,35.84068647454467,WARNING,CRITICAL
37.829682811091445,38.59014291699331,101.62294862522594,77.64132767391222,69.9866828318289,5.725611108877243,96.80863113279584,NORMAL,LOW
33.704158139889856,45.40980884192922,33.07509457262761,58.170202543448724,103.36950664105682,10.990444933348114,44.745192839947435,NORMAL,MEDIUM
22.754744313789082,39.395950056637574,114.3440860896327,26.347994831242517,122.99089718995583,13.115707583701498,18.131883608577258,NORMAL,HIGH
31.269018494131462,37.59773176114249,57.656899647768796,65.9153239943258,106.58440122938028,11.619076213748388,78.56122975380464,NORMAL,MEDIUM
29.22229960921607,25.96822649273523,10.849517351811688,65.27513691666748,83.32103810872093,0.7462106244253403,74.90461972745334,WARNING,MEDIUM
20.396086640113694,47.33843410884902,29.669932679212792,61.7584800775872,72.73519872009537,5.816402861201217,28.107672072188038,NORMAL,LOW
6.940976914870204,29.697515644252483,54.088661323302524,28.343403353142858,68.22647308611143,11.781934695805912,95.72246220322968,NORMAL,MEDIUM
23.536051097668373,23.143248873985844,52.73734146973847,29.6657358479128,110.28010620977756,2.21415048745457,71.49944671733603,NORMAL,MEDIUM
12.380301500946032,35.211833728003114,94.20200871162236,40.05312482475544,93.8163006485552,4.860064826638743,63.18248890297085,NORMAL,LOW
26.088034316133072,48.677270647863075,13.667102300005727,96.4855750443187,117.6350629709714,13.754739530985399,99.68094593296124,WARNING,MEDIUM
6.6568054927156775,29.706443695498635,104.66738264114284,85.27931770238406,127.22532006980268,6.058465040530643,35.26489176356835,WARNING,MEDIUM
14.719340672656845,22.95482993903008,50.58610108745522,58.3322928818294,96.03478889939852,6.5184397896674335,74.87949364146131,NORMAL,LOW
23.193028937354974,31.126782389573926,25.14898407983074,96.21905113569407,110.2635370712166,3.0157816015674004,79.5071475167386,NORMAL,LOW
13.64732611170692,44.40969283824914,49.59109322109422,97.70706670369462,98.91076941357778,7.1744550744785895,58.879089988820176,NORMAL,LOW
58.8707753126947,21.413296597966053,48.68794080478483,32.98805309731128,72.01577166449133,10.704441370142302,63.470836561034616,NORMAL,HIGH
12.427060438595984,26.343785938437996,103.83284776368329,97.05848762667564,105.42943124970526,9.184431392893819,17.84277495062161,NORMAL,HIGH
14.63364284879202,35.79215599185975,20.027678705256847,38.464271441809565,77.08972854261924,10.162204884011762,56.385045761768424,NORMAL,LOW
35.19024608886356,11.449702813400005,79.65233995358457,80.43163508853999,68.24383779462376,12.494770467487877,12.609294063154731,NORMAL,MEDIUM
13.658573878172353,46.66612375563028,47.548877658616185,25.74760368682262,127.3220229333627,9.824288014311687,59.628732058085774,NORMAL,MEDIUM
42.67207447917849,27.250076485634512,26.0772436802785,39.505296962361996,121.79785937156056,0.7677798735381186,51.960344804907955,NORMAL,MEDIUM
58.565475329566965,34.12590573091383,104.12175728463491,52.57256052087921,126.4845719210974,3.781636049059826,86.98882832646538,NORMAL,MEDIUM
51.68212635045329,25.854334808036626,75.27522594106313,31.185426720264495,73.75365013518132,0.6275523744065975,93.9833452341377,NORMAL,MEDIUM
26.473875058042186,25.931952468341226,68.22291980995405,24.107413194078706,125.75253076020478,8.03311954859565,59.43686664453571,WARNING,HIGH
42.61963383594054,18.824638147325864,58.921852021193125,45.03286705880613,109.54842617345895,8.96626743368698,17.01216995266054,NORMAL,HIGH
36.58589640048368,34.66926452249227,116.0776345798647,88.29487915352689,110.25328628535875,4.656044678334654,67.9123831820211,NORMAL,MEDIUM
6.300028127192581,18.379057618936177,25.225355075736715,37.868469944442666,66.19598446328135,4.811711444945794,90.95198735046857,NORMAL,LOW
17.77612047574374,42.22378563698983,117.30063993781654,66.96226603682022,112.74842259968548,1.3708868254564637,20.425919804469594,WARNING,HIGH
52.43194636281699,13.129611781073152,20.395091487540085,79.40749030672904,105.19865189545452,14.420613759950745,58.03611998732264,NORMAL,MEDIUM
47.51416043466074,12.417642500473601,48.629393725109004,61.972713361827275,79.60129726878749,4.5444851952967245,20.68215154190333,NORMAL,MEDIUM
25.778818119846534,11.014223973034039,20.538977031145137,89.66554870691536,96.735270430696,3.3963496859007365,57.638980243366966,NORMAL,LOW
18.926927857374515,26.336435033951048,75.70794924354136,57.732406040087255,114.06472017128445,4.35602055185228,23.527585980810073,WARNING,HIGH
33.62390980211029,32.40213954471681,110.1927819365033,72.68662113994586,62.721500896409424,14.436739973517014,63.489813401286845,NORMAL,HIGH
57.66534099376509,15.522108719972007,74.14295783782092,23.713710135907924,116.5449324130324,3.8622308217781653,57.70253826498781,WARNING,HIGH
8.338496860023097,12.995172168614904,96.08992120627003,25.608038186807754,119.5837497023692,0.17130019671365015,81.56887355845133,NORMAL,MEDIUM
27.744135133375703,49.04049647024716,101.32646179268652,21.067484140995994,116.85030710739754,11.032770584093107,68.90541799715008,NORMAL,MEDIUM
24.445894270418687,21.89670030209105,92.44549693024088,33.86254622422502,121.723809480922,13.942609233039935,12.419485399096416,NORMAL,CRITICAL
36.81454221708857,44.360556467468484,98.16101795627455,70.30768966668936,121.448963757418,2.0580191739775073,21.082598576724635,NORMAL,MEDIUM
36.118021916324466,24.865673507326612,59.82414010924341,74.44712836436018,79.78685765616426,11.33425503972167,97.59683377437209,NORMAL,MEDIUM
46.19569457331831,29.32950579110479,117.19903949798615,56.66217008716817,71.56534447368209,1.9407418228616962,45.60971198563447,NORMAL,MEDIUM
6.427003051214785,35.8813363551037,20.431350941571665,82.19090935785044,78.29744002553939,1.8949059910232646,56.52459690879009,NORMAL,LOW
32.294171479256434,40.806099390616524,56.06467558033693,23.508900396032686,114.16973108089799,7.080230027419752,10.038950249598507,NORMAL,MEDIUM
8.21918127441741,11.399897424619576,55.07673194355925,83.32029375108115,110.40829622449084,4.868866694429901,32.31597471263797,NORMAL,LOW
26.231910976180604,11.148009552302355,23.811422912134383,95.13482315109742,99.3285772189032,7.06193498610182,71.83033077456508,NORMAL,LOW
40.227484163505785,37.15944847214621,43.06897102255224,80.15904101904724,107.7640694077804,3.4494517508232576,41.08924209413653,NORMAL,MEDIUM
58.74007819956699,37.0047466259075,92.00947466887618,28.911850902795308,67.5869521077706,1.9225403017601206,55.253084531165406,NORMAL,MEDIUM
36.58601055067541,20.03227043990233,16.973559796689667,36.35514737188585,72.03841537446428,12.80168776627138,61.19097189209862,NORMAL,MEDIUM
38.329873407114775,35.07969563974186,41.843517948157015,48.735871071029706,121.69223448491553,8.84581927002276,34.54607433893409,NORMAL,MEDIUM
44.705515514354936,48.82454351024033,82.73614068704823,79.61310073163331,117.18493377961303,10.58032859460779,28.560885652416342,NORMAL,HIGH
25.583227169638075,23.57521016299007,104.52298132268282,53.37971542236052,115.05853569634016,0.25729743517179715,62.010564019535565,NORMAL,MEDIUM
5.174331363932581,45.789228096938494,57.691689226314715,95.48124402818036,101.57141620770795,14.30582477280787,67.04049562892715,NORMAL,MEDIUM
33.29669852766982,11.053067890861058,23.572437825411917,24.932104234238395,73.5736512069662,14.809729698352744,60.79580828280384,NORMAL,MEDIUM
54.488195713894214,44.61443972382532,52.963019215827636,90.9729725385342,77.98641201224235,3.9316083056470275,26.240777501931923,NORMAL,MEDIUM
24.8259425472762,44.093729775230244,62.29000447309094,31.243877827380402,116.09477643644325,13.74330176124049,68.22190919271607,NORMAL,MEDIUM
32.03906120359786,44.09885319787607,31.82101142757215,39.09496086803567,122.65680918262892,2.8638860822400956,83.58338998800096,NORMAL,LOW
13.094552939833592,14.335119518361905,43.099586552867294,98.61244620537624,127.52690404888291,1.9817017598902231,95.61499088844806,NORMAL,LOW
23.453747161930746,42.9999700375836,102.76440780441087,87.78452838244286,91.71094473501245,12.950967509940714,49.48990355694746,NORMAL,MEDIUM
42.36087010645492,32.46997992446488,61.67858821927512,98.2032899640035,103.22857872083915,11.831731242181073,23.130344124038523,WARNING,CRITICAL
46.61663084311323,32.60359878302355,50.01539455944177,22.353727758802783,129.43393857646316,5.909853192804507,12.910003135975607,NORMAL,HIGH
10.822868765028318,32.16730768702908,36.58839944125164,53.691422725009474,114.87820803293869,2.512522001211184,81.48222673333784,NORMAL,LOW
29.960811203021795,42.75706052012302,14.845449262360468,74.54425326637858,122.0617578762515,8.95123689121832,16.511868466345888,NORMAL,MEDIUM
58.021098395434656,31.105220546916556,26.163817183437974,78.58536248087341,99.79826825019543,4.358636023425754,19.33014306286188,WARNING,MEDIUM
15.404294330462589,21.89850788579603,76.64549462256127,85.18591937353102,127.84155224468077,5.2758081403945205,71.88688063111161,WARNING,MEDIUM
31.48673431661471,11.3788161328814,100.30122875139999,68.13571858509079,77.74311600954513,11.94288529302372,15.090346369860875,NORMAL,HIGH
5.071732721208929,32.62802118029505,77.26452393458628,88.5505850067017,72.81477981843359,7.970978210063808,40.8860431000124,NORMAL,LOW
47.201972138497496,11.127790199808011,96.51808584012312,37.52560969263407,84.54019237034976,1.0153388018794245,16.45382975787168,NORMAL,MEDIUM
12.566759216663272,26.926519734678877,97.67709864094661,55.40035283233658,67.10639765671354,14.434082739207575,16.289799585833826,NORMAL,MEDIUM
58.792270085848266,37.26225510580042,42.37765809516604,56.669911587653665,97.35219709944708,2.866763180484438,22.379769956268404,WARNING,MEDIUM
43.116679361407606,26.457200193314854,68.08887567196811,20.283851797310266,81.15110744485858,4.933411979543444,62.71783199803099,NORMAL,MEDIUM
8.726293232289882,27.05734834142209,63.645842716998565,56.73905817917958,61.981116976752936,9.38945496223147,83.11712594952697,NORMAL,MEDIUM
25.197800808982567,39.01391614532514,76.17395148519905,43.01163412872817,116.93402048588793,3.6429772233717683,38.863656884797365,WARNING,MEDIUM
35.73418544311976,16.33794830079993,22.642439613318686,90.14054001528423,79.99517388486787,3.372250377967767,88.97183399994074,NORMAL,LOW
15.99186278308702,23.343236582283,31.625808117567004,32.26566354618405,100.96531579425084,2.453626810845742,68.42716156057523,WARNING,MEDIUM
5.280310476174792,49.01669953388044,71.83694698817595,85.92843982003455,67.35273889185979,11.302295646232324,79.153463836433,NORMAL,LOW
54.958294195238516,18.58346038897522,33.63654393545299,92.1463954115022,106.11966837877506,3.483892646970315,66.47482462364934,NORMAL,MEDIUM
34.99804533649315,31.986450329463736,87.2166403301259,64.19242940904061,70.51257808750242,10.966048261628977,79.59855584344287,NORMAL,HIGH
11.394542955100496,40.41904406609659,11.839533504678272,34.92401184373293,73.15753027520003,6.976145671833725,46.38860137794191,NORMAL,LOW
42.090520637729355,36.481857211784146,44.683966609355664,54.884741147290086,81.66039153964127,10.095158639352965,83.0513184838846,NORMAL,MEDIUM
37.535310722393376,39.73230903214995,66.76585849239257,69.42666821071896,94.85136724575082,9.59738232788629,78.31979381230303,NORMAL,LOW
32.03147629135559,46.275077113682705,49.85924241971571,97.12185594877579,65.90793652853759,14.671943403291849,20.09450296374845,NORMAL,MEDIUM
27.494875205003726,12.502317349059272,22.39236426381943,41.22152750064462,93.59148435377702,2.5061215003194275,63.552287490830345,NORMAL,LOW
46.088322486923204,13.326847795199331,81.08829432624049,34.66397005160499,98.90294042748192,3.4118295457134584,99.40991046395479,NORMAL,MEDIUM
36.04100325962953,29.565019689601932,72.02280063034837,69.21632526993943,72.25570514808524,10.73848876447124,46.61424424231272,NORMAL,HIGH
10.48562791559967,39.482696031177646,46.84870005463958,57.79335545079472,103.65542812783117,7.812655785683952,17.517661534589042,NORMAL,MEDIUM
23.89051493486227,47.74293092570855,28.581422765313008,36.03583131353487,77.37387067056838,12.700874508171506,91.54731579717284,WARNING,MEDIUM
6.762628425596637,13.354487208807196,24.269845527069478,94.8620088591406,106.00251029055521,1.7232402950919612,41.779548824437825,NORMAL,LOW
28.097199562305963,23.758325376655087,20.66436045085389,89.96653830628159,103.20768728103404,3.977282457749615,42.522116785028054,NORMAL,MEDIUM
57.25841772946728,45.89216080813864,117.00473012677482,84.43087991238747,81.1056023933386,0.6445620562677634,88.70637933374796,NORMAL,MEDIUM
5.378641491033774,42.05885280883954,22.737324830994392,27.54918355305805,118.80289782365942,12.34770016198025,29.921332662631812,NORMAL,MEDIUM
5.018399117843661,46.75299547430272,106.98791637950234,71.2933883437859,82.91097961665261,9.177267427039142,77.18990231982069,NORMAL,MEDIUM
54.88120764604869,34.49490284944574,44.58670421717023,35.641195411464786,71.18536501314493,12.635807335342305,65.8656745769379,NORMAL,HIGH
27.86106361048066,45.09415003625601,71.91526074470389,90.5656712236689,110.50574212658775,14.408577744198372,82.89187912687386,NORMAL,MEDIUM
11.006207437676123,22.46579478670887,49.468438547194104,62.48556614810143,98.73119667674166,7.619060094326025,10.614904029593351,NORMAL,LOW
31.28326670370756,30.24635338301577,99.65067165433321,35.44665525815997,64.94668470167227,10.22742782969187,77.87737760548806,WARNING,CRITICAL
10.567442170231207,11.954171657531454,84.97660797443424,61.750789188762226,64.2030014905603,9.760778562577446,81.74121080074931,WARNING,HIGH
20.208664999375387,36.10286210550525,41.74532144446373,77.21987289055733,91.1468441334753,5.311912088336749,76.33334102900406,NORMAL,LOW
36.87974875019788,26.12642281386968,65.12734224342425,68.88320374101255,74.80373378935455,12.909260981564048,81.13088442381601,NORMAL,MEDIUM
44.922500357832874,47.40527845609424,88.7716193058826,57.54272445689554,92.434093656207,14.690111970827838,72.07026114147283,NORMAL,MEDIUM
24.483735531654617,44.3080346559274,93.29387270584209,56.53073196663084,60.726969874681764,12.464663576993237,69.21736652352268,NORMAL,MEDIUM
11.226285873355389,31.24082859550478,106.88645218911955,60.48609251230783,62.011890546323855,11.763904527003058,97.82637214699109,NORMAL,MEDIUM
29.006317453056177,22.438433809066485,56.59933457682806,91.06895619880564,69.54623541563507,5.389140561492868,30.45512483228295,NORMAL,LOW
18.35738007665231,26.41280366764741,72.08037222425216,97.93362151259478,90.7717461746937,9.382974749060317,40.506634712019945,NORMAL,LOW
8.047565054542503,31.45639362894251,74.93120219145116,91.0617852695357,88.74180997098898,9.270902899139372,21.79530658714021,WARNING,MEDIUM
33.33108845162886,25.25586228384933,99.86215254718643,60.33975808734464,78.94414732838473,8.418948860606996,77.43750806574907,NORMAL,MEDIUM
28.95943909378164,36.05307159862734,94.29088537773684,98.35379817585923,77.27348004933437,12.142605055157395,27.93790302736423,WARNING,MEDIUM
34.58745807412086,13.228466807738645,117.27303787561081,51.349315926670236,76.95952868423524,6.146146166957044,39.59483947342555,NORMAL,MEDIUM
26.76280440898085,21.964206742785635,96.61438490135761,62.22660509561437,80.64977930835356,4.087522248914876,75.9100812551786,NORMAL,MEDIUM
59.157463693320395,18.41525308006875,20.45329293794537,54.40682737724938,72.75063424655416,4.202948981316058,85.50660293684712,NORMAL,LOW
34.831159814493105,37.11817717459702,83.84082140597027,62.46506000959155,102.56410369645363,8.557599026563304,97.71944420907428,NORMAL,MEDIUM
26.088590791065158,23.259200694802132,76.25767038364701,51.103371875505694,93.64226681743433,9.775906426981583,22.2229823770618,NORMAL,HIGH
6.005382763899008,17.542000414504283,78.69552967506246,64.70366123335745,74.1779597335897,6.134266822749033,31.537448980484406,NORMAL,LOW
28.570309319142535,23.061186373076097,20.449474442871484,46.93675642835801,86.42554156206491,12.229502411106065,63.99085178521656,WARNING,HIGH
11.283015947886188,28.05312406953511,105.58202811730924,49.73924074241325,123.04305065052432,11.943564128032714,31.31180964046087,NORMAL,MEDIUM
45.11111021265665,25.48970029068829,116.3861063605966,39.528201444499736,73.2591609205352,5.5736383651461265,99.4442557370311,WARNING,HIGH
56.78091627436992,46.31744055927901,81.35980208897531,30.298442149466904,71.20158386324185,12.034645644225426,55.95462987367934,NORMAL,HIGH
5.836163751075592,15.001225911139606,33.9107146587057,59.20975043825095,114.38474015481434,11.808336270167588,18.93821020767652,NORMAL,MEDIUM
54.60578863875463,38.172002386076386,53.83527011731006,49.520206531751484,91.75669171850946,12.086288282092331,71.34999826245826,NORMAL,HIGH
13.135327881234574,44.48105658818165,57.007663721514504,62.59704948538598,87.29055872916956,2.9564794186458734,81.72388847463117,NORMAL,LOW
54.050499507558534,40.83768468741166,83.14721047203534,97.3615361673969,116.00736926380625,8.35358142192144,83.01880679120877,NORMAL,MEDIUM
58.61812990432807,48.903429060296475,17.47290755534231,79.04192143207163,93.28248838170722,7.911231919825098,87.31862333412583,NORMAL,LOW
34.66940894206991,14.841467607982164,97.21026451662328,59.08286625717933,123.45652491219786,7.368000062443111,74.4100092406558,NORMAL,MEDIUM
49.679675273322516,47.77995665836796,96.65547492163353,29.42202748038771,63.64136872932236,12.505821093385334,33.941081777461235,WARNING,CRITICAL
18.489673311826877,41.12851317054273,103.68107382491608,68.8323890578857,71.33785351447386,11.979308336063665,33.42618565169301,NORMAL,MEDIUM
38.31289975655003,10.351629988008991,103.76201913568107,96.29569789179484,125.3301969889064,13.703457801834494,49.73343292368269,WARNING,CRITICAL
54.07148348148961,25.904559150778393,11.929164176545507,35.42043476852583,85.98160673243473,5.748797181879993,94.40930281893289,WARNING,MEDIUM
5.73441882638623,14.664131081226511,102.25506876418207,92.51559168533855,69.38957286855685,8.71391880781156,14.46957818143252,NORMAL,MEDIUM
18.563032263008218,31.68186261389341,84.01126515464574,38.38756817259209,102.5866987017175,9.46271431563724,95.17382032073131,NORMAL,MEDIUM
12.83235589242493,32.17292891441208,22.79250963541918,81.52699117183758,98.40979256261215,6.663443819122565,41.160411701372674,NORMAL,LOW
18.327553769963572,17.249464056189687,30.12797746130232,45.9059715474382,64.98035887077205,5.0344523418273885,96.67866045712823,WARNING,MEDIUM
50.33603374460925,41.26694666329345,68.38629999183487,55.28861656846017,93.97445183797961,8.141921739430517,28.113728017885403,NORMAL,MEDIUM
43.59675803452445,13.522707808392562,28.871405886137175,41.79252171194949,77.28989686708712,3.110967199355868,10.970309385232312,NORMAL,MEDIUM
5.216314076391257,16.485871244656806,119.29366884873225,41.39799602060507,75.6916267015014,9.621380163441854,41.564287892697905,WARNING,HIGH
25.10781106404071,13.994774271497356,95.55992965970799,36.07406886950929,92.26578749112326,6.2971014826817076,51.237889041799576,WARNING,HIGH
33.37351463920029,18.27709376466128,12.4860332798327,56.0881452191368,84.83031474812893,13.690495773714783,79.62016110549953,NORMAL,MEDIUM
16.116739908256868,35.19941658468666,70.28574601031409,94.3989131895988,116.24763688986448,5.634340442702202,34.96265275137671,WARNING,MEDIUM
36.58347195675155,27.546480184609926,40.80635385779772,73.49523445474802,65.80674195111078,5.1286578331294175,77.83010861741155,NORMAL,LOW
59.8269831978505,14.267650325167596,84.02998994286793,23.52515194106207,89.22205479784982,12.387954488359835,98.04771098653413,NORMAL,HIGH
30.632614304583463,10.653564008594865,91.69709458168163,97.0648061311364,82.31350747112556,8.575324670798565,45.13689288010946,WARNING,MEDIUM
40.99106217899459,31.001337943286167,79.5352210895058,45.79630402632013,128.64454129951542,4.334549826931513,57.24808872238311,NORMAL,MEDIUM
36.40547808855243,21.283464548965224,94.77351197566158,41.23017282110888,90.32089597586369,13.670203551762572,53.90735385269273,WARNING,CRITICAL
33.33755996961936,23.516370598607455,56.874460115113536,66.53855185825691,113.80298555282306,12.205982867936955,94.61788010763908,NORMAL,MEDIUM
17.839350625489857,32.024042801485486,14.441931745867116,76.05678647008321,90.36697989380467,8.26482736905761,93.21632251230483,NORMAL,LOW
32.39649102706467,49.35435803968361,75.25553928259849,30.489773758057346,88.52418010584161,7.183942949035602,57.517058087044944,NORMAL,LOW
43.39931289604901,43.17058172250679,65.03181852332958,37.753676377888695,91.45713429220436,3.0721894179905505,90.3855290294418,NORMAL,MEDIUM
27.226201921528954,10.287498477829473,87.1663737845056,83.3888577797633,106.92840245763304,3.221861867854503,87.26739494762377,NORMAL,MEDIUM
11.034671842396957,18.595720388146706,110.15132349081853,52.675196155229116,63.79400643647644,12.59992157728872,97.74258702893312,NORMAL,MEDIUM
15.623600185903083,49.53800985328466,10.043010118123174,47.93110767018334,64.37323652260878,13.922469198229717,86.94168596273491,WARNING,MEDIUM
46.01559166038781,42.31014284938755,104.86774425703673,72.23247453665385,112.1527424898234,3.258392721084808,38.18343841248721,WARNING,HIGH
35.349403908378726,16.15422508561435,84.53648302321352,30.362446248875095,87.01383351780667,2.2275666850135387,43.76239300891425,WARNING,HIGH
15.684042125238296,12.044239735350995,54.966031616902455,43.09119408574351,92.84860527659312,11.977001314004195,32.79162037721541,WARNING,CRITICAL
6.457048114326886,40.51065890161026,110.8077671441119,53.39333564943708,111.56848656692549,10.929204185640899,95.98445863657416,NORMAL,MEDIUM
38.39236443990074,16.944696744731488,10.568561329709125,77.94153437014421,91.27737311787847,4.792096068286899,10.810207575027507,WARNING,MEDIUM
52.0647939925702,39.50538037974769,32.59913426558661,26.83321313037414,95.58827785350043,9.48420581224483,44.3659297168575,WARNING,CRITICAL
37.94633890950274,14.644547358315755,53.72497461592293,68.19371778629247,105.35066914948828,1.3920696843955254,92.59996668071913,NORMAL,MEDIUM
44.72382726289455,42.57138374311229,11.319069728227722,77.77397714074681,84.96551517486928,0.1201262383376267,90.76373489818795,NORMAL,LOW
18.37379220622273,45.891888236019334,50.43788431563223,90.93051953441955,67.36756837544087,11.785899229136835,39.52193135490471,NORMAL,LOW
51.42355413461803,49.498121768715805,63.761035361603874,98.23075592537171,95.51920181925578,5.9554050261120315,69.86729042665164,NORMAL,LOW
38.33733640728743,25.43803634196899,105.43557742497876,91.99579794653499,99.26391482195004,12.612276993872069,67.88152216516023,NORMAL,HIGH
18.11537342206781,21.832444554687967,17.70141579567264,56.93080750203733,124.32750741327885,14.300699034249877,74.67728017217196,NORMAL,MEDIUM
19.87491554274499,17.054159747843627,15.008146842194314,87.39653760093722,66.94245831933637,14.614540555635571,67.5720631078747,NORMAL,MEDIUM
45.18750343615508,10.049394374261155,67.68435929884234,46.70488808801322,108.6556300376252,12.95190914940932,32.72284465229366,NORMAL,HIGH
25.90743437337338,38.332998907532044,27.322601676127512,79.53055436206603,93.66995244048232,10.7087585392616,73.60453270173521,WARNING,MEDIUM
44.1053447107354,30.939093511229586,51.281056606013905,97.61917776434346,97.8276597575411,8.145134804530766,10.332026758617879,NORMAL,MEDIUM
52.42424337434019,30.357956265770557,57.59379609009853,76.86982045026227,124.64369552186862,3.5335505070670625,58.55984360050056,NORMAL,MEDIUM
56.15957434074658,25.159153323760567,47.99365030255533,99.68473568164825,81.85317390194868,1.596858876986314,69.81921709993318,WARNING,MEDIUM
13.993876020975621,45.12037195802709,13.119910174759656,86.68535082582909,97.72163009645956,14.64251088307014,91.2584370966308,NORMAL,LOW
36.494470947726114,16.04503342853694,35.16199558950351,21.318860093560737,122.24121918785593,3.100904562697724,55.387426199066674,NORMAL,MEDIUM
55.85472056033674,18.28969531517522,112.52745777214213,93.43395098612183,115.20563284142881,8.640998505871886,12.939634557245798,NORMAL,HIGH
51.46988441853596,27.526186902350233,51.10167626122732,42.464452696580324,88.53010162852003,5.145104686713313,36.301976905829314,NORMAL,MEDIUM
42.61091016929476,18.49293214783932,49.60425246019928,63.5044800785242,94.78959844469671,8.70906723132537,53.028331660469526,WARNING,MEDIUM
16.75226242409087,36.18646258550196,11.839515826812423,33.75246811539804,79.54428821159505,14.669975628553843,10.293836251931783,NORMAL,MEDIUM
22.746565031439555,26.39716753133453,60.83610212595155,26.324779499605295,119.83340415890041,0.10306468374105204,64.36494611622012,WARNING,MEDIUM
13.118139389613818,48.729145377228264,97.8569258349857,97.56830185622287,92.09805949177778,4.5443040738668845,57.6781919642856,NORMAL,LOW
42.027348656134095,47.33166344072104,25.47508982404446,69.4669789492468,117.87400596913525,14.316118469531933,74.384349939853,NORMAL,MEDIUM
40.24733343890866,21.819175743199686,33.71921213123592,63.94584098508135,70.85589076771441,5.2165132576721085,50.9875385049631,WARNING,MEDIUM
56.03863723358979,34.26805415156245,30.296926585351134,41.915567186166136,72.15759191408793,14.826717787198172,47.412554090059935,NORMAL,MEDIUM
57.23155393219579,44.61947411564633,33.072497411307964,57.19569557220807,86.74477519761098,13.2048224466626,97.84971206789474,NORMAL,MEDIUM
14.305341819911474,23.72088237892417,111.6483524263491,29.215322442159426,111.93094561961652,6.2461659051695175,18.860347604262053,NORMAL,MEDIUM
11.869999481924257,49.381883262039175,29.021429186830396,94.41183063216756,123.78976442560533,13.260711818063868,13.932669019125909,NORMAL,MEDIUM
16.37490838749937,12.782242070196501,117.55621226834478,26.06428992240545,77.07542390387304,3.6301470487714576,78.29257370589445,NORMAL,MEDIUM
40.88534821842914,39.259716445696256,23.236276337516593,75.65499153012198,79.61166656736134,3.9715590241320307,43.48769015780589,NORMAL,LOW
59.046336755775926,26.223636425621343,43.26502589319842,83.61759397905121,69.58755937916519,5.49646274877912,54.41973535867651,NORMAL,LOW
35.67956989726203,45.13142066383599,76.1689837021277,51.66821006746342,125.87786379142847,0.5042347695041033,96.4086279580205,NORMAL,MEDIUM
9.67250608555957,39.51741303546713,13.693016605876952,79.60557285533157,81.23171816500827,3.34473576018997,76.87401284749353,WARNING,LOW
38.43459255322992,14.874128004034791,56.360749590611775,34.06649446829125,107.84638177606354,2.318187631723676,34.05561438484429,NORMAL,MEDIUM
43.65185349444262,37.959697922362096,92.90853774913673,51.64878295077304,67.75368221256495,8.81940439435697,81.2748058034158,NORMAL,MEDIUM
23.936408645871417,19.87081794692033,92.67243518139266,83.15265426350251,102.17385192062355,1.6691039996326769,53.06355578851567,NORMAL,MEDIUM
15.159380614251356,21.911941098037865,18.829343284372893,79.67577461157559,73.9381993658342,4.753949106706515,41.81570969360516,NORMAL,LOW
42.16208751553828,22.043542648061738,103.9552414831971,41.89911736517962,124.04336408593808,1.1922261596002626,49.70793419840455,NORMAL,MEDIUM
7.7866204440697,49.568110589290086,28.44840523655848,85.52707831463368,80.53407808491885,6.6821392813411435,61.42518932204078,WARNING,LOW
7.218975942654658,27.837242798556193,74.01930978501022,63.728875174012586,96.81607725207837,6.294300282045016,55.79574641278128,NORMAL,LOW
57.42622024337162,16.536719606715145,32.45745604856788,83.755687636656,86.67869233347778,3.308115955833422,67.43368027911734,NORMAL,LOW
28.953780526003047,32.14966350292268,32.7442169246222,59.11572112763143,127.67232353756891,0.6379450696169325,59.460491994482766,NORMAL,LOW
15.005061296672048,15.653285191126557,18.476895046079598,66.36229283407775,86.20633392944801,13.339336787373444,98.93436542174102,WARNING,MEDIUM
20.861407738779675,30.092065120845554,37.50343142382382,67.04697724702453,122.17540572509574,13.990392374741678,28.016894635405627,NORMAL,MEDIUM
52.82785917436432,37.535199642253616,75.4560708821881,91.66997900371175,109.6495020360073,0.8668123846532144,39.18737401111913,NORMAL,MEDIUM
8.004648332470454,24.39669107755117,13.244481243180918,94.83954362001847,101.28177433513119,9.287695090031535,82.92627626657155,WARNING,MEDIUM
30.141400426111502,29.7693265711644,28.396330587008233,72.17898366812821,86.78365966908832,9.53792805119395,99.98486924989207,NORMAL,MEDIUM
38.84368410735339,14.881545259637896,70.4471440327028,63.902149655743585,119.77396203936499,2.648184151945011,52.064109696237054,NORMAL,MEDIUM
48.78302503708882,42.47654130552371,82.64052071545781,70.50835211923544,81.8042121836744,0.9412589464744192,28.305326963764557,NORMAL,MEDIUM
13.577123450515623,34.1906276517021,82.56269308761466,36.77227112660119,61.43504481759666,3.577717151697761,19.582597639337465,WARNING,MEDIUM
45.09993736701923,22.42663578399616,85.75249313641454,63.96500529337199,63.933530390629535,6.623858219519679,47.352282305843026,NORMAL,MEDIUM
36.79217844811539,11.284980508313204,14.992793084439556,79.07188578720024,99.82381809756512,3.593631949807316,86.35422739699096,WARNING,MEDIUM
28.569363270906898,14.592942772552803,95.48840541903502,90.36602892008295,105.05396932708956,14.73432989831077,82.64832369195877,WARNING,CRITICAL
38.567747878408504,23.870785708839204,31.583592159885505,41.2825024917725,66.66269392588967,11.943384582908902,64.98575307026498,WARNING,HIGH
33.261315018109755,17.54922218713424,48.234047481661904,67.51264815001937,89.45111131948032,4.058806259439171,92.86044845554004,NORMAL,LOW
16.751383844738477,16.05383380310919,26.996681990085037,80.51781059406423,78.37666680559695,12.477775762274128,35.4789866066365,NORMAL,MEDIUM
43.719239931497775,26.890908591059308,92.71073919961069,81.98502554835386,119.6211160006701,13.868777319135175,19.845858581146267,WARNING,CRITICAL
14.385342648925135,31.017227417644197,104.00950686419671,67.35337754764322,62.47287601829692,12.795011797918832,38.74263097382274,NORMAL,MEDIUM
18.658479911901072,25.071194182112116,85.15765912578502,69.5277959783221,99.95572729523704,7.7611378370695565,48.216219145081126,NORMAL,LOW
16.708326510371446,34.8255723935428,100.90643324811033,94.90054585042769,90.23745399237868,13.9768024536877,69.90174286601719,WARNING,HIGH
51.79429706207793,27.19235509818176,23.690428714507963,79.56432990059267,72.3300109259763,10.241601241094777,51.26696032904479,NORMAL,MEDIUM
17.95449208660669,19.74936406952223,90.3928319719047,23.8172280790156,99.6658928942482,6.071401856326373,24.01407255048541,NORMAL,MEDIUM
15.635189669609142,37.152562076936285,81.30013567156529,52.43463658307149,87.59383124132326,8.347153069679518,17.33862127229531,NORMAL,MEDIUM
10.083154027293183,21.354453354854602,112.34381517236353,92.83862343122092,115.58538524505894,11.426649216891683,19.276380547108463,NORMAL,HIGH
9.155853019421784,42.878135977445176,62.143726501976815,87.68630243733938,96.45145935490822,11.927407716632942,91.32452150560698,NORMAL,LOW
23.459298756530742,37.827113208795396,83.5778469185474,24.934161906243453,105.28136914658896,2.6295921756427223,99.42373859518747,WARNING,MEDIUM
13.956572797817657,48.85435454457358,87.6473247132776,44.66221325367154,86.16850957057036,5.558502559929349,13.50087665063635,NORMAL,MEDIUM
23.833671074972774,37.71622480983927,11.928584441816911,57.73997767394271,72.34417365902569,13.977256973927268,83.44923279983402,WARNING,MEDIUM
27.062020128661583,33.30887389206488,85.84928615858243,97.9398375312439,122.84188675632012,13.492538027841622,57.59490930069063,NORMAL,MEDIUM
48.35373303909991,43.550748264721555,95.28604050718435,50.671066061600484,102.77230224784617,9.467218619629483,34.33528930609614,NORMAL,HIGH
6.175933891773175,13.21997522657548,113.307993770743,77.640189560252,66.05726253553227,8.591931187979938,40.70000110495066,NORMAL,LOW
42.69819196946101,20.626435165128644,70.8841956201536,98.01688049286815,73.99772933756657,14.620120088654632,73.84041446823505,NORMAL,MEDIUM
52.23468408118126,39.688980841462154,47.91312920741976,47.88535617515011,80.34981450100568,10.847526373900159,42.72353231328266,NORMAL,HIGH
39.978546950927935,40.13937595192735,26.82560418605248,87.59627227093502,99.01255937324062,3.0213887511271347,34.601436480927035,NORMAL,LOW
27.086170764711625,43.09068090282318,25.726340400818362,94.17264809032835,95.66238605992834,2.3525693344914855,49.9383715017919,WARNING,LOW
22.208983930991987,49.47688484703784,30.992909188682813,65.00380563264389,94.51140505492594,10.55434104267648,59.08258241348615,NORMAL,LOW
14.833627135844056,16.118225868661746,18.89563762033749,46.071334373707195,94.88711297146772,13.82104018660046,54.55750205894184,NORMAL,LOW
25.8440140086043,43.07448084736072,24.072101277295634,51.27119664146462,114.07175606017111,8.996832539937326,51.72830795683317,NORMAL,LOW
55.231257541535655,19.96278407846961,63.59785667001719,23.32114347458092,128.3559364535,11.766075773949085,54.194888882631034,WARNING,CRITICAL
50.88728618842648,48.22438729704926,76.8477002096014,29.768486533594512,93.69984209156007,1.7231306467593859,49.89107421489455,NORMAL,MEDIUM
47.689681727771074,34.95732547932131,22.128234051264798,85.7871334283288,105.13577000502183,8.32309983972491,76.57068992362113,NORMAL,MEDIUM
7.972960520783712,43.7489687329458,88.43034177622242,43.42117691815212,103.72624520790862,13.32049183543986,44.62839136446038,NORMAL,MEDIUM
54.20895354536363,39.062001786659465,72.20866780023648,95.49452873316106,64.62751694262259,6.221204072727161,42.46939709043323,NORMAL,LOW
24.544244557356194,11.964816868188851,66.3289257981499,80.55420005021642,80.15496584764051,7.8773160388554775,74.53015737952386,NORMAL,LOW
27.140335427896986,15.035787613300418,17.118195050597215,59.36207994534932,124.87862619705534,11.999673542489031,55.145957667336965,NORMAL,MEDIUM
34.68928034555951,12.603241352249736,58.70962121945479,92.64772341855492,65.35734894143737,11.814081414714728,60.90161713947981,NORMAL,MEDIUM
15.781632103139343,20.77060215221524,54.79586406435652,71.53304206085153,67.42110150649448,3.1717624391627854,31.010237925418487,WARNING,LOW
55.341402875662666,46.91021569348428,79.14356057703611,60.7463567293432,74.71514407135231,12.682516848116405,42.41228271305713,WARNING,CRITICAL
44.747815778809766,33.272824101446474,65.00481062317652,41.82224911302541,81.89379116717132,0.9212200482501348,13.481493111497347,NORMAL,MEDIUM
25.763196264722104,36.87877218334816,82.53176404667943,71.97356969814678,127.09305261755938,2.8567422707187102,68.01867771445066,NORMAL,MEDIUM
18.360326244997992,16.99849483954616,37.46360971362901,20.27162374346962,99.98795738349257,7.4012141566125695,34.990711097447516,NORMAL,MEDIUM
43.43101247308824,40.11617495683957,11.523064039473578,90.79409624208073,98.13656590457694,8.476868926038183,96.98877985455356,NORMAL,LOW
44.08984075344366,39.15374264307651,71.8124175013512,89.10241818867144,105.20581053307843,5.635054445141164,50.5854874700745,WARNING,MEDIUM
11.387261548218884,37.43130346672753,19.86762461794792,76.56842292959908,92.39901634247806,8.341188216581907,37.5479066015536,NORMAL,LOW
26.680224254122056,40.55220216860799,96.53948672460184,60.72357603884173,124.32032617058823,0.4784797898390125,24.33830414050302,NORMAL,MEDIUM
34.89201075709366,40.28508918285375,88.17862250162604,92.12417654038215,65.80604797721107,13.523396376606472,98.09264483098853,NORMAL,LOW
36.40558588298188,10.987025627446027,73.26707805140178,97.84406648903146,107.59175913001522,14.504275470916967,42.17470502878307,NORMAL,MEDIUM
43.32689688645152,30.152105301842962,114.49760089080078,69.72668788693973,108.02660830045335,1.1491198448447948,45.139111819227224,NORMAL,MEDIUM
53.923629044906534,17.639587571108525,25.235037799106625,43.28429732355733,89.53207458569254,10.699588900971348,94.21914049657921,NORMAL,MEDIUM
55.1463813772798,49.16572841547034,95.60551706219448,33.84634071796388,98.74827086689805,12.819213120264507,30.73939049493981,NORMAL,HIGH
14.581259807739416,20.93785478946949,37.950578332706215,65.4202358425762,83.25441123917534,6.031044898715992,87.84476637180038,NORMAL,LOW
20.478213186627855,34.42463357865136,52.17291166435468,82.27736429725255,121.23274512393175,7.141266528123421,54.219436067389175,WARNING,MEDIUM
57.081676934105595,26.94189696322915,102.26117875826584,99.54128222627435,103.60330549397219,5.617131519997256,80.0854401511537,NORMAL,MEDIUM
8.353034169925916,28.691633390221526,115.62499254567886,94.684473153606,128.60115998101725,1.761879068540263,39.38718061972387,NORMAL,MEDIUM
22.43803640669748,42.187988417839584,104.43627601936286,20.421028619928627,108.12271948647162,0.5667703897807447,21.474309454148745,NORMAL,MEDIUM
54.13060717521212,45.547102737535496,15.985015604155226,49.51497045305099,102.58738272030939,11.730168620740365,39.59686332495004,NORMAL,MEDIUM
12.654718611556092,19.28929863980124,78.72422711348358,98.43728859476896,119.97239646382337,9.145058660833385,73.92304568873269,NORMAL,MEDIUM
36.50696017014134,40.35207898232774,20.718736006153527,70.50598235305405,121.17361176581375,11.027892047767633,35.96149042194311,NORMAL,MEDIUM
20.906417875705124,40.499951493033066,64.000897654975,92.48826103402017,86.77892080830932,3.8167549603681556,55.0034501546017,NORMAL,LOW
35.00090124185006,19.630303108919897,65.8948319787331,80.6469046687533,117.13561273046109,12.31979284142506,96.79589873281046,WARNING,HIGH
59.168190265418914,32.10356197835699,111.97010046850673,76.49519107279129,76.9687974892036,1.540624961653878,90.71560964160578,NORMAL,MEDIUM
15.53867614549161,10.951271360291424,81.75665332459197,40.06689875687882,127.16604220955736,7.287590272139462,89.24594280970307,NORMAL,MEDIUM
